"bundesland","kategorie","1950","1951","1952","1953","1954","1955","1956","1957","1958","1959","1960","1961","1962","1963","1964","1965","1966","1967","1968","1969","1970","1971","1972","1973","1974","1975","1976","1977","1978","1979","1980","1981","1982","1983","1984","1985","1986","1987","1988","1989","1990","1991","1992","1993","1994","1995","1996","1997","1998","1999","2000","2001","2002","2003","2004","2005","2006","2007","2008","2009","2010","2011","2012","2013","2014","2015","2016","2017","2018","2019","2020"
"Baden-Württemberg","Kälber bis einschließlich 8 Monate",137293,153992,144921,137411,156765,166787,172552,174413,185786,192368,197457,213903,199119,194977,203093,212330,214533,218779,224653,227471,219248,215504,211903,315808,305282,296344,293508,297053,293952,291503,291979,288272,288992,291245,297063,270846,271256,255555,245868,239444,236492,215742,209085,206973,209979,207009,203590,193900,178700,190126,179700,184597,173700,169966,152900,155200,153100,153079,159120,204220,199259,197336,195375,197030,198698,189428,189819,182329,183422,183182,179063
"Baden-Württemberg","Jungrinder über 8 Monate bis 1 Jahr, männlich",48532,59291,68493,61214,63360,73211,84845,88431,92963,110335,122731,147871,150058,135875,140809,156527,163619,162011,173589,186353,188585,184358,190196,162747,164076,167793,170192,171257,175317,170242,168982,165146,161355,160851,166925,157077,153286,142620,134962,124116,127194,119395,107586,100805,100021,88235,89414,83400,83300,83996,71800,78275,74200,71085,63300,61000,62600,62924,56584,37052,36375,35125,35549,35552,35204,33704,33854,31844,31292,33075,31018
"Baden-Württemberg","Jungrinder über 8 Monate bis 1 Jahr, weiblich",192671,201943,215128,206245,204390,211118,220297,217860,217692,222924,219782,216622,213737,201837,203372,211606,218829,217681,217925,213518,205449,194098,199481,169156,168644,170496,173762,173713,176690,176076,176760,179461,174034,182607,178970,168928,172188,166735,160902,159543,159063,151758,148500,142829,147389,144936,146936,140900,134200,133392,125400,123742,113600,108654,101700,104200,100000,99538,89686,60592,60021,59225,59600,59620,61162,61024,61936,58817,58377,58356,56678
"Baden-Württemberg","Rinder 1 bis unter 2 Jahre, männlich",42229,46652,50875,54853,47521,55046,62525,70609,68130,76080,91255,109398,116414,117261,105587,130544,151484,150929,150594,171666,185098,180799,186898,183983,179684,181744,182198,190065,200666,198974,193257,186065,185203,176926,186288,194155,180542,180295,170232,162861,149986,139856,128656,122647,118258,118419,106668,98200,93500,95903,88800,90207,89300,82562,80300,71800,72500,72056,76374,76931,72439,69919,67749,70372,69721,68739,65157,66941,63409,63981,66331
"Baden-Württemberg","Rinder 1 bis u. 2 Jahre, weiblich, zum Schlachten",NA,NA,NA,NA,NA,NA,NA,NA,NA,NA,NA,NA,NA,NA,NA,NA,NA,NA,NA,NA,NA,NA,NA,57414,60691,53054,51880,50747,52839,53123,52262,47798,48705,45954,50440,51041,52210,58111,50445,48734,50473,51923,44324,39666,35166,38368,37065,36000,35900,34332,30500,36248,31000,29143,24200,27300,25600,6620,13483,13598,16515,17568,17749,17503,17774,18429,18889,19867,19943,21898,20198
"Baden-Württemberg","Rinder 1 b.u.2 J., weiblich, Nutz- u.Zuchttiere",NA,NA,NA,NA,NA,NA,NA,NA,NA,NA,NA,NA,NA,NA,NA,NA,NA,NA,NA,NA,NA,NA,NA,127266,127079,135267,137536,144964,147331,151135,149709,156679,158296,160245,162663,159738,159125,156247,157857,161032,154097,149968,150061,150377,155440,160782,159393,159500,158000,138684,149900,131910,138600,133792,135500,131800,130500,144139,150574,154275,149757,145827,145502,147569,150178,150847,146853,146097,140577,138411,138875
"Baden-Württemberg","Rinder 2 Jahre und älter, Bullen und Ochsen",69528,61623,57800,54558,48229,43238,41501,39695,33779,32030,31879,32701,31140,29090,24892,25602,30756,25619,23915,23371,24186,22495,21314,27558,25897,22296,21260,22051,22245,23826,22702,21716,21010,21528,20033,19404,19778,20337,17439,17065,16179,14549,12780,13093,13455,14161,13480,12200,11900,10952,19800,10596,10700,8467,8500,8800,7300,6849,8694,8943,9183,8000,6967,7514,7427,7337,8111,8199,7887,7686,8010
"Baden-Württemberg","Rinder 2 Jahre und älter, Färsen zum Schlachten",NA,NA,NA,NA,NA,NA,NA,NA,NA,NA,NA,NA,NA,NA,NA,NA,NA,NA,NA,NA,NA,NA,NA,4891,5118,4387,4314,4313,4998,5268,4759,4450,4721,5067,4846,NA,5246,6584,5535,5989,6061,5628,4127,4040,3815,4734,4266,4500,5000,4709,4500,4753,3900,3689,3200,3600,3300,744,2374,2459,3447,3409,3134,3099,3331,3403,3498,3796,3946,3948,3529
"Baden-Württemberg","Rinder 2 J.u.älter, Färsen als Zucht- u. Nutztiere",NA,NA,NA,NA,NA,NA,NA,NA,NA,NA,NA,NA,NA,NA,NA,NA,NA,NA,NA,NA,NA,NA,NA,68379,72803,75159,74304,78756,78125,81904,80449,78521,81549,83029,68440,71393,69424,67347,70286,71462,70202,66234,64168,63752,65815,67124,69819,68000,70200,62486,64300,60754,62000,64972,61200,59400,56000,61650,63243,64173,63976,60637,58933,60016,60979,60781,59116,58815,56684,53936,52637
"Baden-Württemberg","Rinder 2 Jahre und älter, Milchkühe",875416,885488,873640,874899,872093,862456,862716,859766,864170,873190,875024,878977,866711,849130,832612,827992,828046,830911,820692,798866,746739,718123,715263,707397,699607,697949,694100,695735,695011,691992,688148,678026,683422,694302,677208,641441,656969,625556,612129,599833,573744,542952,518057,509422,503341,498463,490321,465700,447400,443141,429100,418225,410000,398290,385400,385300,375800,362212,364958,358136,353099,347355,340416,342635,349144,NA,343720,341494,334117,327931,325288
"Baden-Württemberg","Rinder 2 Jahre und älter, Ammen- und Mutterkühe",NA,NA,NA,NA,NA,NA,NA,NA,NA,NA,NA,NA,NA,NA,NA,NA,NA,NA,NA,NA,NA,2465,2293,7642,7895,7193,7998,7339,8661,9136,9769,11224,10369,10813,11618,NA,14282,12915,13970,17099,21222,23494,35097,40353,45662,46340,51327,57200,54500,62799,61900,65323,58400,63219,59000,58400,57500,59249,NA,NA,NA,NA,NA,NA,NA,NA,NA,NA,NA,NA,NA
"Baden-Württemberg","Rinder 2 Jahre und älter, Schlacht- und Mastkühe",6414,6253,8343,8093,7941,8170,9207,10469,8153,8707,7938,7503,8453,8006,7832,8959,9433,11729,12308,13988,13149,10596,10291,16039,15064,15756,12758,14043,16362,16960,16748,15946,15143,17066,16152,14078,16612,15865,16981,17824,19249,15955,12756,12814,12264,11823,9698,7700,11200,8790,8300,7036,5800,4471,4500,3600,3400,1066,NA,NA,NA,NA,NA,NA,NA,NA,NA,NA,NA,NA,NA
"Baden-Württemberg","Rinder 2 Jahre und älter, andere Kühe",NA,NA,NA,NA,NA,NA,NA,NA,NA,NA,NA,NA,NA,NA,NA,NA,NA,NA,NA,NA,NA,NA,NA,NA,NA,NA,NA,NA,NA,NA,NA,NA,NA,NA,NA,NA,NA,NA,NA,NA,NA,NA,NA,NA,NA,NA,NA,NA,NA,NA,NA,NA,NA,NA,NA,NA,NA,NA,63082,64228,63398,64387,64865,66185,62163,NA,60820,58427,56919,56753,56861
"Bayern","Kälber bis einschließlich 8 Monate",337177,371339,410847,405301,444642,483482,505830,486200,527307,564142,563022,605877,573022,567989,592552,621951,616889,588527,523690,498784,479785,470631,477447,710184,720558,716530,697213,757471,770848,764892,769232,763698,771560,809725,816433,817562,784357,776698,729022,706956,701852,660328,634523,637014,632977,614904,623497,596000,564300,619647,611200,637770,582500,565074,555600,549000,528600,524418,518977,672628,662797,649895,651698,647689,646705,629287,631659,613808,605389,601192,575937
"Bayern","Jungrinder über 8 Monate bis 1 Jahr, männlich",145995,159099,169301,154535,162059,171584,189594,203293,190204,221728,246473,287657,311977,273333,284660,313025,335502,326384,367086,406622,411964,414712,431271,359774,369890,392240,389995,417046,441010,437052,433652,451214,430323,444001,458813,460541,445526,433544,427756,403600,406495,383485,366296,342849,333718,315101,305637,296600,288400,282855,271800,241684,225100,220394,204000,215000,192500,195078,192381,129385,120509,118209,117237,115510,111648,114716,111692,111078,109426,105139,105501
"Bayern","Jungrinder über 8 Monate bis 1 Jahr, weiblich",359561,367513,372361,370840,370180,369342,384325,408144,402981,412551,403707,392654,392896,370058,383815,397578,419350,423610,448610,462283,452211,445574,466808,406799,408159,420056,430245,433983,454062,456385,459672,475046,470108,490743,494714,501584,501376,498356,485731,481713,481901,486580,442343,428276,436575,424333,432820,425000,404600,413774,398300,327943,310000,297757,299200,303600,297900,294121,301465,209006,199569,199357,199257,197594,199256,199324,198891,195274,191636,186356,178886
"Bayern","Rinder 1 bis unter 2 Jahre, männlich",135741,139141,136189,136935,120936,127931,139077,157333,139162,149033,174636,208784,226738,230059,194229,243079,284620,273894,290652,336981,362914,361264,382248,363398,365770,372900,367898,405631,434793,439556,432428,410995,420111,420538,438261,482071,446108,438310,445345,415133,417341,375732,372286,343866,338421,325207,316905,315300,299300,308040,303900,326517,314400,288988,277400,254400,259200,253396,251603,241972,228007,217550,214034,214956,210064,206508,205174,204837,202328,202579,198893
"Bayern","Rinder 1 bis u. 2 Jahre, weiblich, zum Schlachten",NA,NA,NA,NA,NA,NA,NA,NA,NA,NA,NA,NA,NA,NA,NA,NA,NA,NA,NA,NA,NA,NA,NA,49463,53814,51993,47310,69516,69988,69339,69853,79536,69681,74785,87264,106105,108159,112553,92737,108832,95435,125279,90954,87356,73877,80382,74626,71900,79500,77435,76700,81920,83300,77134,65600,66600,67000,66241,54127,54184,61603,63848,62787,61428,61109,63441,65516,68239,69992,76740,74836
"Bayern","Rinder 1 b.u.2 J., weiblich, Nutz- u.Zuchttiere",NA,NA,NA,NA,NA,NA,NA,NA,NA,NA,NA,NA,NA,NA,NA,NA,NA,NA,NA,NA,NA,NA,NA,377195,405001,411495,426109,437487,452069,477107,474975,478415,496649,502274,507333,508270,508410,539830,524806,560542,529532,522741,506025,500098,510352,508677,524056,512100,510300,516393,514700,538688,540200,510916,504700,509200,505600,501028,509349,520473,502743,486805,482541,488344,484673,485836,475045,468828,456654,439680,439573
"Bayern","Rinder 2 Jahre und älter, Bullen und Ochsen",231447,218906,203372,179104,152256,129566,115447,101811,76828,64479,56367,55091,50034,39738,36464,39872,42666,38243,36253,37888,40058,33790,33367,39558,35558,39626,35949,36804,35228,34936,31571,30421,29164,32721,30541,37492,30790,35454,29866,38470,29269,34543,23867,25034,21477,21645,19917,24000,25300,16187,26800,37225,28900,22870,21600,17000,13500,14467,12494,13041,13994,13092,12340,12637,12894,12781,13458,14125,14627,14825,15251
"Bayern","Rinder 2 Jahre und älter, Färsen zum Schlachten",NA,NA,NA,NA,NA,NA,NA,NA,NA,NA,NA,NA,NA,NA,NA,NA,NA,NA,NA,NA,NA,NA,NA,9059,10177,8346,7935,7435,8529,8448,9369,8979,8560,9895,9702,13034,12139,14580,16858,16685,17788,18927,17084,19419,13008,15696,14266,17200,20600,12202,11800,25347,21200,22731,19900,21400,20900,22161,9916,9779,13928,13849,12632,12010,12810,13040,13274,13985,14921,14946,13288
"Bayern","Rinder 2 J.u.älter, Färsen als Zucht- u. Nutztiere",NA,NA,NA,NA,NA,NA,NA,NA,NA,NA,NA,NA,NA,NA,NA,NA,NA,NA,NA,NA,NA,NA,NA,202554,219159,231180,230833,215744,217477,233379,241033,231917,249875,244725,243912,239976,259820,248191,258322,267880,265016,254224,251601,252818,251996,255257,259537,256400,267300,243327,240900,352960,308400,320744,298600,280900,271100,255917,226641,224162,225807,212825,207325,202509,204405,201006,193727,188817,184372,174439,173980
"Bayern","Rinder 2 Jahre und älter, Milchkühe",1727158,1756542,1771031,1797987,1806058,1796766,1800271,1802634,1770665,1792058,1840434,1909568,1958229,1961113,1960361,1956512,1959033,1970733,1990829,1994799,1928896,1901081,1913667,1931216,1930281,1936085,1921055,1947680,1983430,1984700,1986311,1968970,1992719,2047898,2027629,2013103,1999513,1908467,1890244,1844211,1809397,1728925,1640037,1606023,1594176,1566679,1558581,1513400,1474400,1453879,1416000,1401594,1384600,1326612,1291700,1273700,1232100,1229398,1267196,1257499,1243767,1235456,1219350,1218112,1216166,1208192,1198397,1185307,1154373,1128174,1119195
"Bayern","Rinder 2 Jahre und älter, Ammen- und Mutterkühe",NA,NA,NA,NA,NA,NA,NA,NA,NA,NA,NA,NA,NA,NA,NA,NA,NA,NA,NA,NA,NA,2155,2227,2018,2484,2306,2589,5356,1249,2913,2288,2015,2287,2157,2293,3676,2971,NA,4901,NA,18935,18090,43744,48558,60232,66600,65778,67500,64900,83302,86300,83999,72300,74214,68200,65700,71200,65819,NA,NA,NA,NA,NA,NA,NA,NA,NA,NA,NA,NA,NA
"Bayern","Rinder 2 Jahre und älter, Schlacht- und Mastkühe",11507,12602,18710,17652,15977,15382,17389,23409,20280,18201,15966,12308,13750,15238,14653,13744,15049,16130,14489,22116,22549,15266,14748,20153,24884,22914,18156,24890,28263,31014,32094,24959,25710,27791,30950,36162,31292,36285,34194,38238,41311,42257,32059,35497,29703,34174,29530,30600,32200,22869,18100,28661,25000,36399,25800,30400,30100,22576,NA,NA,NA,NA,NA,NA,NA,NA,NA,NA,NA,NA,NA
"Bayern","Rinder 2 Jahre und älter, andere Kühe",NA,NA,NA,NA,NA,NA,NA,NA,NA,NA,NA,NA,NA,NA,NA,NA,NA,NA,NA,NA,NA,NA,NA,NA,NA,NA,NA,NA,NA,NA,NA,NA,NA,NA,NA,NA,NA,NA,NA,NA,NA,NA,NA,NA,NA,NA,NA,NA,NA,NA,NA,NA,NA,NA,NA,NA,NA,NA,84538,81826,77572,74238,72405,72044,71891,71226,71824,69964,69860,68951,68472
"Berlin","Kälber bis einschließlich 8 Monate",NA,NA,110,182,182,270,270,257,257,291,291,311,311,327,327,252,252,214,214,192,192,168,168,145,163,121,121,124,124,99,104,104,67,67,96,96,101,101,99,99,512,512,109,109,127,127,NA,NA,NA,56,100,71,100,67,100,100,100,73,105,129,120,125,117,128,134,127,137,143,127,128,90
"Berlin","Jungrinder über 8 Monate bis 1 Jahr, männlich",NA,NA,65,139,139,106,106,148,148,168,168,130,130,145,145,120,120,80,80,125,125,112,112,62,66,36,36,39,39,58,20,20,29,29,38,38,24,24,40,40,376,376,43,43,20,20,NA,NA,NA,23,0,30,NA,19,NA,0,0,19,27,21,13,20,12,22,17,16,14,7,13,5,20
"Berlin","Jungrinder über 8 Monate bis 1 Jahr, weiblich",NA,NA,116,98,98,111,111,102,102,61,61,54,54,30,30,40,40,35,35,31,31,33,33,18,11,23,23,24,24,17,17,17,29,29,18,18,34,34,35,35,57,57,39,39,48,48,NA,NA,NA,42,0,39,NA,19,NA,0,0,34,49,29,27,22,34,22,24,25,23,31,20,16,24
"Berlin","Rinder 1 bis unter 2 Jahre, männlich",NA,NA,60,158,158,153,153,241,241,294,294,368,368,228,228,356,356,253,253,189,189,230,230,598,174,353,353,157,157,149,287,287,59,59,74,74,314,314,79,79,315,315,312,312,94,94,NA,NA,NA,27,0,33,NA,21,NA,NA,NA,NA,39,44,30,31,36,52,52,51,44,56,33,40,42
"Berlin","Rinder 1 bis u. 2 Jahre, weiblich, zum Schlachten",NA,NA,NA,NA,NA,NA,NA,NA,NA,NA,NA,NA,NA,NA,NA,NA,NA,NA,NA,NA,NA,NA,NA,1,1,1,1,6,6,2,1,1,4,4,4,4,3,3,NA,NA,46,46,6,6,4,4,NA,NA,NA,1,0,NA,NA,18,NA,NA,NA,NA,6,8,12,17,15,18,21,17,15,27,22,16,11
"Berlin","Rinder 1 b.u.2 J., weiblich, Nutz- u.Zuchttiere",NA,NA,NA,NA,NA,NA,NA,NA,NA,NA,NA,NA,NA,NA,NA,NA,NA,NA,NA,NA,NA,NA,NA,8,11,18,18,28,28,27,21,21,38,38,7,7,20,20,36,36,43,43,61,61,43,43,NA,NA,NA,49,0,43,NA,37,NA,0,100,32,69,71,81,72,66,78,85,73,66,97,84,65,66
"Berlin","Rinder 2 Jahre und älter, Bullen und Ochsen",NA,NA,75,92,92,129,129,171,171,383,383,281,281,235,235,222,222,193,193,329,329,73,73,52,361,49,49,28,28,9,32,32,74,74,2,2,44,44,16,16,242,242,81,81,17,17,NA,NA,NA,20,0,20,NA,7,NA,0,0,27,38,37,51,57,42,49,62,68,72,103,113,105,91
"Berlin","Rinder 2 Jahre und älter, Färsen zum Schlachten",NA,NA,NA,NA,NA,NA,NA,NA,NA,NA,NA,NA,NA,NA,NA,NA,NA,NA,NA,NA,NA,NA,NA,4,8,9,9,7,7,2,9,9,1,1,3,3,NA,NA,12,12,3,3,49,49,4,4,NA,NA,NA,0,0,1,NA,NA,NA,0,0,NA,1,2,2,3,3,3,4,3,3,3,7,6,3
"Berlin","Rinder 2 J.u.älter, Färsen als Zucht- u. Nutztiere",NA,NA,NA,NA,NA,NA,NA,NA,NA,NA,NA,NA,NA,NA,NA,NA,NA,NA,NA,NA,NA,NA,NA,30,19,14,14,33,33,23,29,29,12,12,49,49,8,8,20,20,168,168,34,34,70,70,NA,NA,NA,32,0,25,NA,23,NA,0,0,NA,35,40,37,50,44,46,58,47,47,50,88,81,51
"Berlin","Rinder 2 Jahre und älter, Milchkühe",NA,NA,4682,4051,4051,3935,3935,3910,3910,3208,3208,2526,2526,2185,2185,1694,1694,1245,1245,1008,1008,771,771,602,545,491,491,352,352,287,272,272,302,302,307,307,242,242,234,234,1919,1919,NA,NA,665,665,NA,NA,NA,126,100,134,100,123,100,NA,NA,111,133,133,125,127,127,124,131,124,129,127,116,104,107
"Berlin","Rinder 2 Jahre und älter, Ammen- und Mutterkühe",NA,NA,NA,NA,NA,NA,NA,NA,NA,NA,NA,NA,NA,NA,NA,NA,NA,NA,NA,NA,NA,NA,NA,4,5,11,11,8,8,1,NA,NA,3,3,15,15,NA,NA,7,7,23,23,NA,NA,36,36,NA,NA,NA,76,100,85,100,69,100,NA,NA,60,NA,NA,NA,NA,NA,NA,NA,NA,NA,NA,NA,NA,NA
"Berlin","Rinder 2 Jahre und älter, Schlacht- und Mastkühe",NA,NA,271,218,218,287,287,123,123,130,130,45,45,50,50,37,37,29,29,93,93,64,64,9,75,49,49,18,18,33,45,45,43,43,43,43,50,50,79,79,50,50,214,214,35,35,NA,NA,NA,1,0,1,NA,2,NA,NA,NA,NA,NA,NA,NA,NA,NA,NA,NA,NA,NA,NA,NA,NA,NA
"Berlin","Rinder 2 Jahre und älter, andere Kühe",NA,NA,NA,NA,NA,NA,NA,NA,NA,NA,NA,NA,NA,NA,NA,NA,NA,NA,NA,NA,NA,NA,NA,NA,NA,NA,NA,NA,NA,NA,NA,NA,NA,NA,NA,NA,NA,NA,NA,NA,NA,NA,NA,NA,NA,NA,NA,NA,NA,NA,NA,NA,NA,NA,NA,NA,NA,NA,128,153,157,160,172,179,195,223,212,245,247,290,285
"Brandenburg","Kälber bis einschließlich 8 Monate",NA,NA,NA,NA,NA,NA,NA,NA,NA,NA,NA,NA,NA,NA,NA,NA,NA,NA,NA,NA,NA,NA,NA,NA,NA,NA,NA,NA,NA,NA,NA,NA,NA,NA,NA,NA,NA,NA,NA,NA,161253,102167,96357,93700,98875,102108,95358,87800,94500,110085,110500,107688,103300,102892,96100,99500,93700,93241,99170,119890,121464,120086,117728,119903,122745,118327,117509,112165,110086,105636,103120
"Brandenburg","Jungrinder über 8 Monate bis 1 Jahr, männlich",NA,NA,NA,NA,NA,NA,NA,NA,NA,NA,NA,NA,NA,NA,NA,NA,NA,NA,NA,NA,NA,NA,NA,NA,NA,NA,NA,NA,NA,NA,NA,NA,NA,NA,NA,NA,NA,NA,NA,NA,87982,55563,51249,44890,41838,40100,35598,34000,29300,27842,25000,26117,26700,26414,26600,23100,22800,22069,23241,15745,11092,10030,10066,11314,11229,10423,10093,9939,9143,9074,10555
"Brandenburg","Jungrinder über 8 Monate bis 1 Jahr, weiblich",NA,NA,NA,NA,NA,NA,NA,NA,NA,NA,NA,NA,NA,NA,NA,NA,NA,NA,NA,NA,NA,NA,NA,NA,NA,NA,NA,NA,NA,NA,NA,NA,NA,NA,NA,NA,NA,NA,NA,NA,93387,65410,57657,58464,64982,65519,69239,64500,58000,53671,49600,51661,47800,47534,47300,47100,46600,46429,48657,35405,30216,28541,29551,29757,30547,30889,29693,28908,27438,27069,28720
"Brandenburg","Rinder 1 bis unter 2 Jahre, männlich",NA,NA,NA,NA,NA,NA,NA,NA,NA,NA,NA,NA,NA,NA,NA,NA,NA,NA,NA,NA,NA,NA,NA,NA,NA,NA,NA,NA,NA,NA,NA,NA,NA,NA,NA,NA,NA,NA,NA,NA,133646,97145,73367,63878,59564,54278,50692,43600,43400,40839,38200,36269,34200,34016,30100,25200,28700,27106,29893,28665,27354,25060,25090,26273,25579,24778,24037,23123,22061,21022,20134
"Brandenburg","Rinder 1 bis u. 2 Jahre, weiblich, zum Schlachten",NA,NA,NA,NA,NA,NA,NA,NA,NA,NA,NA,NA,NA,NA,NA,NA,NA,NA,NA,NA,NA,NA,NA,NA,NA,NA,NA,NA,NA,NA,NA,NA,NA,NA,NA,NA,NA,NA,NA,NA,47766,27809,11815,8464,5918,5923,5067,4200,4200,4892,4200,4067,3400,3272,3500,3000,3500,2564,4915,4987,6946,7166,7430,7300,7293,7714,7588,8101,7536,7883,6263
"Brandenburg","Rinder 1 b.u.2 J., weiblich, Nutz- u.Zuchttiere",NA,NA,NA,NA,NA,NA,NA,NA,NA,NA,NA,NA,NA,NA,NA,NA,NA,NA,NA,NA,NA,NA,NA,NA,NA,NA,NA,NA,NA,NA,NA,NA,NA,NA,NA,NA,NA,NA,NA,NA,109907,92745,72149,78173,86545,94218,99632,98500,91600,90932,88200,85847,85800,83171,80200,80000,81500,82316,83149,84891,82473,78763,77795,80613,81895,83149,79431,78883,74236,71645,68945
"Brandenburg","Rinder 2 Jahre und älter, Bullen und Ochsen",NA,NA,NA,NA,NA,NA,NA,NA,NA,NA,NA,NA,NA,NA,NA,NA,NA,NA,NA,NA,NA,NA,NA,NA,NA,NA,NA,NA,NA,NA,NA,NA,NA,NA,NA,NA,NA,NA,NA,NA,12949,7066,5048,8811,7064,8740,6078,5600,5800,5679,6200,5708,4800,5521,5000,4500,4600,4857,5675,5838,5547,5197,5071,5162,5228,5332,5361,5504,5932,6288,6087
"Brandenburg","Rinder 2 Jahre und älter, Färsen zum Schlachten",NA,NA,NA,NA,NA,NA,NA,NA,NA,NA,NA,NA,NA,NA,NA,NA,NA,NA,NA,NA,NA,NA,NA,NA,NA,NA,NA,NA,NA,NA,NA,NA,NA,NA,NA,NA,NA,NA,NA,NA,12460,5101,2439,1274,1156,931,688,900,1200,1356,800,1151,1200,781,700,500,600,450,887,1009,1265,1216,1165,1096,1217,1187,1244,1345,1369,1223,1183
"Brandenburg","Rinder 2 J.u.älter, Färsen als Zucht- u. Nutztiere",NA,NA,NA,NA,NA,NA,NA,NA,NA,NA,NA,NA,NA,NA,NA,NA,NA,NA,NA,NA,NA,NA,NA,NA,NA,NA,NA,NA,NA,NA,NA,NA,NA,NA,NA,NA,NA,NA,NA,NA,57699,59195,49537,45237,48714,45271,49324,51300,47100,44160,43100,38778,36400,35890,33700,31600,31500,30873,29879,28736,28187,26624,25324,25435,25661,25470,24528,24456,23336,21030,20127
"Brandenburg","Rinder 2 Jahre und älter, Milchkühe",NA,NA,NA,NA,NA,NA,NA,NA,NA,NA,NA,NA,NA,NA,NA,NA,NA,NA,NA,NA,NA,NA,NA,NA,NA,NA,NA,NA,NA,NA,NA,NA,NA,NA,NA,NA,NA,NA,NA,NA,328703,250834,231996,236631,226367,228044,229582,221800,210800,206441,196500,189597,182100,181472,178100,174600,167400,163674,166959,165589,158943,157576,158833,162607,163871,162798,151808,151011,148785,142554,140083
"Brandenburg","Rinder 2 Jahre und älter, Ammen- und Mutterkühe",NA,NA,NA,NA,NA,NA,NA,NA,NA,NA,NA,NA,NA,NA,NA,NA,NA,NA,NA,NA,NA,NA,NA,NA,NA,NA,NA,NA,NA,NA,NA,NA,NA,NA,NA,NA,NA,NA,NA,NA,11273,11233,29366,32499,52940,63457,72177,80200,92100,98390,100500,100538,96000,91676,91800,90500,90200,91997,NA,NA,NA,NA,NA,NA,NA,NA,NA,NA,NA,NA,NA
"Brandenburg","Rinder 2 Jahre und älter, Schlacht- und Mastkühe",NA,NA,NA,NA,NA,NA,NA,NA,NA,NA,NA,NA,NA,NA,NA,NA,NA,NA,NA,NA,NA,NA,NA,NA,NA,NA,NA,NA,NA,NA,NA,NA,NA,NA,NA,NA,NA,NA,NA,NA,14199,6760,3344,3411,4331,3012,3001,2000,2600,2239,1500,1968,1600,1698,1100,1400,1200,823,NA,NA,NA,NA,NA,NA,NA,NA,NA,NA,NA,NA,NA
"Brandenburg","Rinder 2 Jahre und älter, andere Kühe",NA,NA,NA,NA,NA,NA,NA,NA,NA,NA,NA,NA,NA,NA,NA,NA,NA,NA,NA,NA,NA,NA,NA,NA,NA,NA,NA,NA,NA,NA,NA,NA,NA,NA,NA,NA,NA,NA,NA,NA,NA,NA,NA,NA,NA,NA,NA,NA,NA,NA,NA,NA,NA,NA,NA,NA,NA,NA,96540,95892,96770,95812,93240,92043,92818,91792,91634,89961,88764,87162,87023
"Bremen","Kälber bis einschließlich 8 Monate",1243,1244,1428,1316,1438,1156,1354,1320,1482,1344,1475,1453,1498,1287,1410,1551,1352,1507,1515,1572,1610,1346,1595,1886,1789,1960,1947,1909,1916,2062,2071,2095,2298,2524,2610,2465,2338,2292,2393,2415,2065,1905,1966,1965,1969,1980,1778,1800,1800,1718,1700,1542,1500,1384,NA,NA,NA,1530,1445,1962,1717,1720,1731,1759,1654,1611,1621,1682,1500,1438,1564
"Bremen","Jungrinder über 8 Monate bis 1 Jahr, männlich",833,857,1093,1015,1078,1012,1226,1230,1395,1336,1432,1487,1641,1495,1581,1575,1668,1604,1700,1635,1663,1538,1639,1847,1938,1678,1750,1678,1701,1637,1446,1357,1486,1573,1527,1519,1251,1262,1097,1104,1105,1050,797,749,796,736,663,700,700,712,700,743,700,702,700,NA,NA,581,558,231,189,185,186,164,163,150,148,133,99,125,73
"Bremen","Jungrinder über 8 Monate bis 1 Jahr, weiblich",2411,2455,2401,2347,2443,2172,2255,2106,2154,2304,2268,2371,2438,2250,2275,1936,1990,2027,2039,1954,1919,1732,1727,1865,1968,1721,1756,1719,1742,1595,1588,1587,1705,1676,1787,1633,1587,1505,1302,1311,1474,1398,1131,1084,1186,1176,1028,1000,1000,1165,1200,971,1000,928,900,NA,NA,879,888,541,704,633,742,746,806,851,660,707,657,671,566
"Bremen","Rinder 1 bis unter 2 Jahre, männlich",818,729,818,904,867,904,953,994,1069,1149,1313,1096,1296,1523,1526,1599,1754,1668,1763,1708,1799,1808,1824,1922,2018,1918,1996,2002,2013,1922,2038,2035,1779,1799,1784,2038,1749,1896,1466,1561,1243,1211,1171,1162,1017,1010,1144,1100,1100,966,1000,902,900,915,900,NA,NA,NA,812,707,582,408,402,354,350,385,291,327,252,171,213
"Bremen","Rinder 1 bis u. 2 Jahre, weiblich, zum Schlachten",NA,NA,NA,NA,NA,NA,NA,NA,NA,NA,NA,NA,NA,NA,NA,NA,NA,NA,NA,NA,NA,NA,NA,466,532,422,331,424,394,383,410,459,183,181,281,321,381,383,294,314,360,360,227,210,247,265,170,200,200,242,200,214,200,139,100,NA,NA,NA,81,70,101,94,111,95,90,103,94,117,116,128,118
"Bremen","Rinder 1 b.u.2 J., weiblich, Nutz- u.Zuchttiere",NA,NA,NA,NA,NA,NA,NA,NA,NA,NA,NA,NA,NA,NA,NA,NA,NA,NA,NA,NA,NA,NA,NA,1907,1955,1855,1881,2003,2016,1960,1882,1945,2320,2394,2104,2173,2139,2104,2039,2072,1983,1965,1856,1800,1776,1793,1731,1700,1700,1763,1800,1705,1700,1625,1600,NA,NA,1663,1604,1602,1663,1661,1685,1697,1654,1886,1681,1761,1780,1818,1861
"Bremen","Rinder 2 Jahre und älter, Bullen und Ochsen",566,588,664,509,483,497,534,599,664,728,865,728,1080,815,867,1095,768,1014,1129,1268,1322,1126,1115,849,802,1096,1162,897,881,777,983,1118,756,872,802,889,745,743,601,651,502,459,576,535,508,501,401,400,400,448,400,399,400,297,300,NA,NA,360,346,328,232,235,167,167,208,167,183,167,177,191,177
"Bremen","Rinder 2 Jahre und älter, Färsen zum Schlachten",NA,NA,NA,NA,NA,NA,NA,NA,NA,NA,NA,NA,NA,NA,NA,NA,NA,NA,NA,NA,NA,NA,NA,196,305,155,151,220,241,201,125,104,98,96,126,160,135,154,174,183,174,148,157,158,111,141,74,100,100,63,100,151,200,123,100,NA,NA,NA,25,26,31,33,31,31,28,30,32,33,33,29,28
"Bremen","Rinder 2 J.u.älter, Färsen als Zucht- u. Nutztiere",NA,NA,NA,NA,NA,NA,NA,NA,NA,NA,NA,NA,NA,NA,NA,NA,NA,NA,NA,NA,NA,NA,NA,987,965,1022,1043,857,867,788,905,845,990,1042,931,1050,996,909,1264,1178,1182,1210,1137,1096,987,1031,1062,1100,1100,936,900,1073,1100,985,1000,NA,NA,NA,975,957,887,884,856,896,768,805,824,778,706,684,678
"Bremen","Rinder 2 Jahre und älter, Milchkühe",7940,7746,7633,7638,7411,6778,6827,6392,6569,6572,6733,6369,6506,5770,5833,5384,5356,5174,5228,5071,4870,4759,4875,4640,4532,4521,4605,4422,4443,4535,4531,4577,4802,5091,5099,4981,5120,4733,4464,4406,4209,4001,3928,3853,3863,3905,3746,3700,3700,3502,3500,3254,3300,3384,3400,NA,NA,3226,3377,3479,3636,3746,3704,3837,3900,4059,3739,3698,3583,3326,3323
"Bremen","Rinder 2 Jahre und älter, Ammen- und Mutterkühe",NA,NA,NA,NA,NA,NA,NA,NA,NA,NA,NA,NA,NA,NA,NA,NA,NA,NA,NA,NA,NA,111,127,270,287,295,286,358,333,295,321,329,341,340,297,228,268,253,303,331,419,430,908,915,776,750,826,800,800,1001,1000,769,800,703,700,NA,NA,745,NA,NA,NA,NA,NA,NA,NA,NA,NA,NA,NA,NA,NA
"Bremen","Rinder 2 Jahre und älter, Schlacht- und Mastkühe",161,117,389,174,133,272,193,284,208,259,222,218,222,169,227,213,183,224,195,453,569,146,133,114,259,128,129,155,180,186,51,36,49,48,46,43,107,142,191,224,281,197,187,191,208,300,135,100,100,98,100,214,200,98,100,NA,NA,NA,NA,NA,NA,NA,NA,NA,NA,NA,NA,NA,NA,NA,NA
"Bremen","Rinder 2 Jahre und älter, andere Kühe",NA,NA,NA,NA,NA,NA,NA,NA,NA,NA,NA,NA,NA,NA,NA,NA,NA,NA,NA,NA,NA,NA,NA,NA,NA,NA,NA,NA,NA,NA,NA,NA,NA,NA,NA,NA,NA,NA,NA,NA,NA,NA,NA,NA,NA,NA,NA,NA,NA,NA,NA,NA,NA,NA,NA,NA,NA,NA,718,643,594,493,476,495,465,425,492,524,494,521,499
"Hamburg","Kälber bis einschließlich 8 Monate",887,855,1008,1027,1114,1084,1286,1609,1716,1676,1703,1718,1661,1854,1526,1747,1702,1867,1925,1853,1784,2189,2513,3284,3345,2463,2613,2525,2609,2403,2488,2463,2537,2608,2158,2011,1882,1820,1774,1850,1759,1696,1449,1443,1232,1273,1174,1200,1200,1218,1200,1155,1200,815,800,NA,NA,937,836,1043,1183,1158,1079,1246,1179,1091,1112,1134,1047,974,1170
"Hamburg","Jungrinder über 8 Monate bis 1 Jahr, männlich",319,291,405,443,525,546,625,1188,1053,1367,1349,1668,1630,1409,1353,1463,1491,1438,1449,1501,1455,1463,1573,1678,1666,1667,1740,1366,1371,1405,1341,1247,1295,1300,1427,1334,1180,1159,659,680,727,683,531,507,655,656,814,800,800,668,700,418,400,408,400,NA,NA,485,465,302,171,217,210,182,172,202,239,196,231,126,304
"Hamburg","Jungrinder über 8 Monate bis 1 Jahr, weiblich",2358,2528,2636,2676,2632,2572,2572,2710,2526,2409,2364,2424,2392,2209,2174,1989,2064,1968,1970,1972,1917,1709,1753,1633,1689,1418,1441,1521,1526,1295,1453,1456,1506,1520,1509,1396,1411,1381,773,756,952,883,887,853,973,976,778,800,800,785,800,570,600,471,500,NA,NA,572,476,392,293,350,392,353,324,382,370,368,340,275,280
"Hamburg","Rinder 1 bis unter 2 Jahre, männlich",257,200,277,308,427,456,401,1007,881,932,967,943,853,957,913,1037,1062,1201,1195,1267,1338,1400,1435,1637,1702,1721,1774,1728,1764,1602,1338,1263,1462,1510,1468,1644,1459,1471,1246,1268,1234,1187,797,795,932,915,835,800,800,919,900,1086,1100,1022,1000,NA,NA,810,721,669,544,533,531,527,600,613,792,713,665,666,561
"Hamburg","Rinder 1 bis u. 2 Jahre, weiblich, zum Schlachten",NA,NA,NA,NA,NA,NA,NA,NA,NA,NA,NA,NA,NA,NA,NA,NA,NA,NA,NA,NA,NA,NA,NA,724,763,738,599,733,800,590,614,600,700,651,1037,1162,1321,1367,1242,1171,1065,1112,677,699,400,394,465,500,500,662,700,664,700,376,400,NA,NA,354,92,106,153,180,201,188,177,176,168,143,137,134,91
"Hamburg","Rinder 1 b.u.2 J., weiblich, Nutz- u.Zuchttiere",NA,NA,NA,NA,NA,NA,NA,NA,NA,NA,NA,NA,NA,NA,NA,NA,NA,NA,NA,NA,NA,NA,NA,1292,1346,1334,1361,1303,1300,1410,1214,1235,1174,1216,1123,1130,812,818,788,765,886,879,1376,1376,1091,1084,823,800,800,736,700,653,700,699,700,NA,NA,599,931,959,923,876,903,948,973,897,981,785,842,760,691
"Hamburg","Rinder 2 Jahre und älter, Bullen und Ochsen",530,118,751,863,317,284,240,725,613,980,369,606,546,317,684,1174,523,505,493,1031,961,603,613,379,796,305,341,475,464,298,390,422,324,396,136,153,175,168,397,402,366,358,255,277,230,205,268,300,300,318,300,334,300,413,400,NA,NA,181,240,221,161,149,135,149,131,141,158,157,182,145,136
"Hamburg","Rinder 2 Jahre und älter, Färsen zum Schlachten",NA,NA,NA,NA,NA,NA,NA,NA,NA,NA,NA,NA,NA,NA,NA,NA,NA,NA,NA,NA,NA,NA,NA,329,327,427,452,347,445,345,382,360,184,149,373,450,456,427,732,950,695,589,355,380,143,137,196,200,200,235,200,276,300,195,200,NA,NA,95,17,19,30,24,25,23,23,26,26,28,26,31,29
"Hamburg","Rinder 2 J.u.älter, Färsen als Zucht- u. Nutztiere",NA,NA,NA,NA,NA,NA,NA,NA,NA,NA,NA,NA,NA,NA,NA,NA,NA,NA,NA,NA,NA,NA,NA,716,748,543,534,559,552,602,591,613,392,377,578,627,354,346,382,376,437,430,620,636,519,511,420,400,400,368,400,444,400,406,400,NA,NA,458,496,477,541,442,419,434,401,458,441,427,380,470,411
"Hamburg","Rinder 2 Jahre und älter, Milchkühe",9041,8929,8576,8540,8055,7300,7309,7060,7095,7129,7428,6614,6345,5948,6023,5781,5815,5485,5530,5204,5051,4375,4568,4093,4015,3707,3781,3688,3706,3439,3421,3452,3404,3608,3197,3088,2874,2684,2500,2495,2527,2454,1814,1778,1671,1652,1537,1500,1500,1424,1400,1190,1200,1087,1100,NA,NA,966,1094,1043,947,950,1028,1086,1152,1160,1149,1161,1094,1117,1143
"Hamburg","Rinder 2 Jahre und älter, Ammen- und Mutterkühe",NA,NA,NA,NA,NA,NA,NA,NA,NA,NA,NA,NA,NA,NA,NA,NA,NA,NA,NA,NA,NA,148,182,206,214,274,221,176,210,255,212,223,275,266,256,228,278,302,334,399,480,567,1065,1164,1179,1224,1287,1300,1300,1223,1200,1367,1400,1117,1100,NA,NA,988,NA,NA,NA,NA,NA,NA,NA,NA,NA,NA,NA,NA,NA
"Hamburg","Rinder 2 Jahre und älter, Schlacht- und Mastkühe",680,313,985,1031,555,783,468,1006,1073,1269,515,378,542,672,799,514,414,126,1044,668,1217,281,119,108,139,173,245,31,101,41,451,392,91,77,48,48,61,94,85,98,82,61,100,127,57,77,118,100,100,337,300,82,100,120,100,NA,NA,114,NA,NA,NA,NA,NA,NA,NA,NA,NA,NA,NA,NA,NA
"Hamburg","Rinder 2 Jahre und älter, andere Kühe",NA,NA,NA,NA,NA,NA,NA,NA,NA,NA,NA,NA,NA,NA,NA,NA,NA,NA,NA,NA,NA,NA,NA,NA,NA,NA,NA,NA,NA,NA,NA,NA,NA,NA,NA,NA,NA,NA,NA,NA,NA,NA,NA,NA,NA,NA,NA,NA,NA,NA,NA,NA,NA,NA,NA,NA,NA,NA,1166,1156,1183,1144,1129,1180,1151,1124,1156,1185,1163,1120,1120
"Hessen","Kälber bis einschließlich 8 Monate",56539,63342,58379,56793,61898,69270,69855,68842,76792,73218,85035,90368,82296,79522,82050,90052,96004,98272,93844,91866,89577,83544,83084,127326,129107,123733,121407,123158,121254,123401,126017,119298,117569,123533,127804,117325,112135,104084,101059,96191,95832,79068,79173,77752,76088,78436,75158,65500,63800,81255,72800,75651,72500,69638,67000,68300,67000,64669,73376,91534,85365,84952,83894,86265,88854,84389,83646,81669,79912,78167,79936
"Hessen","Jungrinder über 8 Monate bis 1 Jahr, männlich",12637,15840,20066,16607,19460,24569,30684,31763,36054,48314,59010,74204,73527,68466,73970,86331,92638,90322,95150,99191,99912,96211,94941,87794,90131,90459,88571,87520,90415,87336,88503,88623,83732,86639,88980,89809,80042,74795,70118,61227,64069,60915,51144,46713,45513,44016,41652,38900,39400,29352,28900,28305,24900,24245,22000,22500,21900,24093,21468,13946,14168,13253,13749,14455,14667,13873,13919,13597,12271,13003,11502
"Hessen","Jungrinder über 8 Monate bis 1 Jahr, weiblich",103932,109978,117598,110437,110556,113267,120496,114871,113258,121447,118574,123277,119236,112896,116240,118725,125961,127482,129311,127078,124992,119625,114815,105005,106954,104788,103383,101700,103528,101338,102507,100665,99286,97376,100185,97918,92396,85493,82080,77065,78153,73202,69734,67709,67166,69779,65541,63300,59800,55018,51100,51657,46400,47147,44500,45000,44300,45120,40695,26939,27728,26962,27205,27299,27988,28065,27282,26527,25090,24746,23121
"Hessen","Rinder 1 bis unter 2 Jahre, männlich",10004,11482,12881,13601,11991,14937,18595,21190,20343,21982,28650,36078,42178,39392,34335,46134,56860,58399,62741,70719,74621,73564,77200,76150,78608,80537,74254,81979,86826,86186,85892,91768,82896,85112,90280,94914,90934,86198,81525,76381,75592,75485,63322,54281,53659,51394,51060,47100,45800,40477,40200,38771,38900,33813,30800,28200,32700,30517,35564,34284,31163,29076,28248,31218,32258,30594,28615,28942,27019,27338,28106
"Hessen","Rinder 1 bis u. 2 Jahre, weiblich, zum Schlachten",NA,NA,NA,NA,NA,NA,NA,NA,NA,NA,NA,NA,NA,NA,NA,NA,NA,NA,NA,NA,NA,NA,NA,25702,27107,23919,21562,22578,23530,23738,23745,22422,22302,19230,26329,27001,27119,32008,23833,21109,23877,24902,20868,17800,15735,14982,16678,17600,17200,18401,16500,17053,15300,14196,11800,11900,9200,11369,4696,4581,6147,6566,6906,6625,6645,6789,7039,7401,7168,7557,6491
"Hessen","Rinder 1 b.u.2 J., weiblich, Nutz- u.Zuchttiere",NA,NA,NA,NA,NA,NA,NA,NA,NA,NA,NA,NA,NA,NA,NA,NA,NA,NA,NA,NA,NA,NA,NA,88976,91021,93858,92617,96453,95789,97487,95014,96559,98819,98097,92612,98436,91775,89296,86140,86878,82824,77451,79604,78642,77021,76635,78551,80100,78200,71655,70600,67702,65000,66518,63900,61900,64900,63800,73713,73530,69784,67576,67580,67607,68645,68879,66648,64868,61667,59846,60291
"Hessen","Rinder 2 Jahre und älter, Bullen und Ochsen",10323,9632,9674,9614,8410,8999,8919,8893,8127,9192,10981,13414,14116,13593,12246,14599,13076,13111,9606,10049,10367,9915,10656,7634,6815,6004,5594,6573,6598,6968,6207,6417,6021,5751,5554,7146,6205,6322,5462,5830,6062,5297,5007,5595,5065,5574,5537,5800,5300,9364,9800,9826,6400,8649,6200,6200,5200,7585,6519,6946,7049,5726,5055,5385,5872,5595,5842,5861,6123,6247,6403
"Hessen","Rinder 2 Jahre und älter, Färsen zum Schlachten",NA,NA,NA,NA,NA,NA,NA,NA,NA,NA,NA,NA,NA,NA,NA,NA,NA,NA,NA,NA,NA,NA,NA,3930,4187,3301,2726,3023,3397,3951,3768,3624,3174,3543,4291,4418,4128,4676,3716,3959,4098,3795,3574,2983,2800,3758,3467,4100,4200,2707,3900,4739,3000,2648,1900,2600,1800,2270,1009,1076,1527,1408,1352,1324,1440,1407,1469,1578,1597,1535,1399
"Hessen","Rinder 2 J.u.älter, Färsen als Zucht- u. Nutztiere",NA,NA,NA,NA,NA,NA,NA,NA,NA,NA,NA,NA,NA,NA,NA,NA,NA,NA,NA,NA,NA,NA,NA,34653,36043,37769,35752,39608,38594,41478,39791,39985,39752,41995,34986,39066,36617,34265,34597,34930,32137,31122,31070,32225,31393,30955,34082,36400,38700,34629,34700,33846,34000,32904,32200,29800,30000,29480,34810,34792,35332,31842,30981,31493,31795,30929,30655,29810,28058,26891,25563
"Hessen","Rinder 2 Jahre und älter, Milchkühe",439510,447267,439605,432023,419455,412377,410085,394988,397259,399231,406717,409435,398392,386833,377463,379116,384013,383904,379639,373278,353929,334001,331783,328134,320394,313562,307196,306907,303359,300317,296588,287915,287201,295871,284664,274688,272207,253281,249791,242006,231185,210088,203299,195559,192784,189742,187526,176600,174700,175645,162700,168465,160600,161561,157700,157500,152900,151037,153710,151303,148779,146063,143527,146081,146884,145218,140212,139425,134380,131083,130005
"Hessen","Rinder 2 Jahre und älter, Ammen- und Mutterkühe",NA,NA,NA,NA,NA,NA,NA,NA,NA,NA,NA,NA,NA,NA,NA,NA,NA,NA,NA,NA,NA,1059,1406,5225,5653,6213,5799,6044,7252,8816,9881,9833,9271,9611,10470,11702,11110,12705,10920,12656,14680,16188,23632,27173,29963,33151,36502,37500,37200,39924,42200,42784,41300,41339,41300,40200,41000,42446,NA,NA,NA,NA,NA,NA,NA,NA,NA,NA,NA,NA,NA
"Hessen","Rinder 2 Jahre und älter, Schlacht- und Mastkühe",4761,4286,4872,5616,4694,5076,4673,5511,3171,3533,3960,5570,5255,4787,3766,4780,5014,5648,5010,5929,5019,4446,4887,6771,5532,3812,3331,3940,4845,5506,5304,3767,3439,4474,4452,3729,3927,4569,2948,3658,5037,4200,2913,2659,2790,2717,2643,2300,3500,1835,3400,3757,2900,2112,2200,2200,1900,2009,NA,NA,NA,NA,NA,NA,NA,NA,NA,NA,NA,NA,NA
"Hessen","Rinder 2 Jahre und älter, andere Kühe",NA,NA,NA,NA,NA,NA,NA,NA,NA,NA,NA,NA,NA,NA,NA,NA,NA,NA,NA,NA,NA,NA,NA,NA,NA,NA,NA,NA,NA,NA,NA,NA,NA,NA,NA,NA,NA,NA,NA,NA,NA,NA,NA,NA,NA,NA,NA,NA,NA,NA,NA,NA,NA,NA,NA,NA,NA,NA,47304,46228,45078,43039,41910,42130,43035,43243,43608,44478,43916,43677,43955
"Mecklenburg-Vorpommern","Kälber bis einschließlich 8 Monate",NA,NA,NA,NA,NA,NA,NA,NA,NA,NA,NA,NA,NA,NA,NA,NA,NA,NA,NA,NA,NA,NA,NA,NA,NA,NA,NA,NA,NA,NA,NA,NA,NA,NA,NA,NA,NA,NA,NA,NA,159732,86705,76771,80122,91781,92067,87472,78500,80000,94964,96200,97232,93200,90574,90200,89900,89700,91653,96016,120032,117349,114542,114383,117159,121239,118377,115975,110897,105944,102558,98725
"Mecklenburg-Vorpommern","Jungrinder über 8 Monate bis 1 Jahr, männlich",NA,NA,NA,NA,NA,NA,NA,NA,NA,NA,NA,NA,NA,NA,NA,NA,NA,NA,NA,NA,NA,NA,NA,NA,NA,NA,NA,NA,NA,NA,NA,NA,NA,NA,NA,NA,NA,NA,NA,NA,84917,47976,40666,38172,36065,34081,27123,27100,25700,24558,23400,26247,28400,27769,27200,18400,16900,25960,26603,17306,13811,13280,13370,13375,12418,12693,12878,12451,6247,6997,7517
"Mecklenburg-Vorpommern","Jungrinder über 8 Monate bis 1 Jahr, weiblich",NA,NA,NA,NA,NA,NA,NA,NA,NA,NA,NA,NA,NA,NA,NA,NA,NA,NA,NA,NA,NA,NA,NA,NA,NA,NA,NA,NA,NA,NA,NA,NA,NA,NA,NA,NA,NA,NA,NA,NA,104864,58500,46749,57875,55061,59076,58992,55600,56200,50408,45800,46784,46600,45124,44800,43500,49300,43072,45862,32141,29207,29336,29558,31168,32167,32864,33052,30889,29292,27823,29329
"Mecklenburg-Vorpommern","Rinder 1 bis unter 2 Jahre, männlich",NA,NA,NA,NA,NA,NA,NA,NA,NA,NA,NA,NA,NA,NA,NA,NA,NA,NA,NA,NA,NA,NA,NA,NA,NA,NA,NA,NA,NA,NA,NA,NA,NA,NA,NA,NA,NA,NA,NA,NA,132274,80331,51469,44776,44912,40513,35309,25400,27300,27586,28600,30841,32400,32311,30200,31500,27700,27528,30725,31034,26554,28950,27918,29350,29340,27129,25906,25714,16205,16044,15796
"Mecklenburg-Vorpommern","Rinder 1 bis u. 2 Jahre, weiblich, zum Schlachten",NA,NA,NA,NA,NA,NA,NA,NA,NA,NA,NA,NA,NA,NA,NA,NA,NA,NA,NA,NA,NA,NA,NA,NA,NA,NA,NA,NA,NA,NA,NA,NA,NA,NA,NA,NA,NA,NA,NA,NA,42508,31222,12411,9158,6139,4373,4716,4200,4900,4617,4200,6014,5000,4610,5200,5700,4600,4658,4384,4371,6157,6431,6311,6347,6118,6754,7392,7385,6964,7346,6128
"Mecklenburg-Vorpommern","Rinder 1 b.u.2 J., weiblich, Nutz- u.Zuchttiere",NA,NA,NA,NA,NA,NA,NA,NA,NA,NA,NA,NA,NA,NA,NA,NA,NA,NA,NA,NA,NA,NA,NA,NA,NA,NA,NA,NA,NA,NA,NA,NA,NA,NA,NA,NA,NA,NA,NA,NA,114146,81190,59787,79727,75262,79043,87619,86200,83100,82820,76100,74867,76400,75490,74000,73500,76700,75009,79390,81859,81428,78173,78573,81363,83052,85162,85331,81962,77480,75918,73605
"Mecklenburg-Vorpommern","Rinder 2 Jahre und älter, Bullen und Ochsen",NA,NA,NA,NA,NA,NA,NA,NA,NA,NA,NA,NA,NA,NA,NA,NA,NA,NA,NA,NA,NA,NA,NA,NA,NA,NA,NA,NA,NA,NA,NA,NA,NA,NA,NA,NA,NA,NA,NA,NA,21269,11993,4187,6002,4416,4381,5287,4400,4600,4443,4100,4835,5000,4729,4500,4100,3900,4058,4749,4855,4648,4259,3809,4220,4012,3994,4137,4286,4476,4329,4333
"Mecklenburg-Vorpommern","Rinder 2 Jahre und älter, Färsen zum Schlachten",NA,NA,NA,NA,NA,NA,NA,NA,NA,NA,NA,NA,NA,NA,NA,NA,NA,NA,NA,NA,NA,NA,NA,NA,NA,NA,NA,NA,NA,NA,NA,NA,NA,NA,NA,NA,NA,NA,NA,NA,9514,9487,2833,1046,781,747,1560,900,800,935,1700,1072,1200,1345,1000,1100,1000,1298,799,897,1145,1096,1060,1014,1106,1072,1070,1194,1119,1060,1065
"Mecklenburg-Vorpommern","Rinder 2 J.u.älter, Färsen als Zucht- u. Nutztiere",NA,NA,NA,NA,NA,NA,NA,NA,NA,NA,NA,NA,NA,NA,NA,NA,NA,NA,NA,NA,NA,NA,NA,NA,NA,NA,NA,NA,NA,NA,NA,NA,NA,NA,NA,NA,NA,NA,NA,NA,62222,54009,39693,34685,41613,41046,42592,45900,45300,41987,41500,36243,33000,32179,31200,28000,29300,28522,28630,27988,27894,25824,24659,25529,25524,24514,22994,23311,20701,20065,19561
"Mecklenburg-Vorpommern","Rinder 2 Jahre und älter, Milchkühe",NA,NA,NA,NA,NA,NA,NA,NA,NA,NA,NA,NA,NA,NA,NA,NA,NA,NA,NA,NA,NA,NA,NA,NA,NA,NA,NA,NA,NA,NA,NA,NA,NA,NA,NA,NA,NA,NA,NA,NA,345426,248397,221856,235721,226202,233107,231237,226000,204000,203291,194900,190103,183900,182210,181400,179100,170800,173026,174882,173927,172330,175695,177857,179860,182508,181451,172132,170237,164514,161895,160419
"Mecklenburg-Vorpommern","Rinder 2 Jahre und älter, Ammen- und Mutterkühe",NA,NA,NA,NA,NA,NA,NA,NA,NA,NA,NA,NA,NA,NA,NA,NA,NA,NA,NA,NA,NA,NA,NA,NA,NA,NA,NA,NA,NA,NA,NA,NA,NA,NA,NA,NA,NA,NA,NA,NA,9499,11470,31686,36709,44826,49575,52152,55300,61800,73209,76800,75747,71800,67639,65700,63800,66300,68630,NA,NA,NA,NA,NA,NA,NA,NA,NA,NA,NA,NA,NA
"Mecklenburg-Vorpommern","Rinder 2 Jahre und älter, Schlacht- und Mastkühe",NA,NA,NA,NA,NA,NA,NA,NA,NA,NA,NA,NA,NA,NA,NA,NA,NA,NA,NA,NA,NA,NA,NA,NA,NA,NA,NA,NA,NA,NA,NA,NA,NA,NA,NA,NA,NA,NA,NA,NA,19101,9602,4156,2684,2420,3122,2076,2000,2100,2237,1100,1963,1000,1099,700,600,1400,471,NA,NA,NA,NA,NA,NA,NA,NA,NA,NA,NA,NA,NA
"Mecklenburg-Vorpommern","Rinder 2 Jahre und älter, andere Kühe",NA,NA,NA,NA,NA,NA,NA,NA,NA,NA,NA,NA,NA,NA,NA,NA,NA,NA,NA,NA,NA,NA,NA,NA,NA,NA,NA,NA,NA,NA,NA,NA,NA,NA,NA,NA,NA,NA,NA,NA,NA,NA,NA,NA,NA,NA,NA,NA,NA,NA,NA,NA,NA,NA,NA,NA,NA,NA,73257,73557,71094,68913,67060,67490,68125,67065,67530,67083,64062,62664,61205
"Niedersachsen","Kälber bis einschließlich 8 Monate",142714,144414,168626,164801,167743,162298,185763,182557,215032,212066,232668,243261,246066,226120,260476,286639,249943,244505,243745,272971,279552,275524,326495,413989,392662,415353,412672,390675,398291,403913,422963,427762,428742,470934,517112,488456,525723,515339,535660,540287,565023,521251,536918,536679,539963,543018,545049,513200,480900,531435,520400,484161,495200,472999,437400,483900,455000,454366,462115,616707,597685,606231,617962,614427,625003,622258,614195,613248,588266,568604,566231
"Niedersachsen","Jungrinder über 8 Monate bis 1 Jahr, männlich",62321,61066,82352,73812,81180,86170,104367,110548,126991,150252,161045,190413,209142,182996,194039,218714,231650,222369,233392,252453,256280,243509,259546,284473,298825,298561,311403,308177,311614,302986,307354,288487,292663,309727,326642,324961,318911,321814,324212,326183,357414,339783,320314,300983,299195,276771,277142,263100,277200,246239,250000,265219,252700,246250,245100,231000,225200,229291,236544,143236,140236,139446,138691,141529,139000,132884,130672,128478,122435,112476,110598
"Niedersachsen","Jungrinder über 8 Monate bis 1 Jahr, weiblich",330837,326531,350219,352271,350958,344091,357293,360098,368351,388689,382934,381571,390405,381359,385515,398213,409312,408094,408205,404722,397459,377192,376034,378255,399143,389514,397392,397784,401973,398358,389483,389346,392702,385946,409172,373973,375319,355940,343576,346069,343133,325514,307190,294489,296294,293700,291463,278800,282900,244379,230400,227924,210400,208261,206000,202700,198800,193844,180808,116825,127385,127288,132586,133101,137669,138263,137790,134615,128914,121938,119540
"Niedersachsen","Rinder 1 bis unter 2 Jahre, männlich",44566,42177,47921,52820,48541,51196,53774,63494,68235,79525,89742,99473,117114,118084,118220,133611,146324,141481,148693,160974,169030,170063,171519,201798,211858,220512,230946,245208,247786,250156,246699,246340,246291,249056,269911,308317,296233,321181,323307,344480,356322,347110,329149,326642,328965,326613,314207,295600,303600,321710,319100,351197,336400,333611,311700,291500,313500,303875,322221,310770,286345,276524,278924,299294,290237,270784,271358,260923,268114,251912,229712
"Niedersachsen","Rinder 1 bis u. 2 Jahre, weiblich, zum Schlachten",NA,NA,NA,NA,NA,NA,NA,NA,NA,NA,NA,NA,NA,NA,NA,NA,NA,NA,NA,NA,NA,NA,NA,47189,53862,50110,45677,48512,50611,45366,63087,70610,55390,54856,67122,76782,67978,68369,53458,57080,59832,59829,48586,44918,32775,35108,35720,34500,34900,35714,34400,37454,38900,30174,28800,28300,24900,35552,14300,13737,17861,18984,19809,19113,18860,19938,21543,22392,22008,22567,20529
"Niedersachsen","Rinder 1 b.u.2 J., weiblich, Nutz- u.Zuchttiere",NA,NA,NA,NA,NA,NA,NA,NA,NA,NA,NA,NA,NA,NA,NA,NA,NA,NA,NA,NA,NA,NA,NA,354874,363762,371695,376846,383825,386376,394464,374399,387031,402213,415063,411775,425208,402602,395973,392734,398971,388560,385002,375703,364279,378813,382472,390164,386700,388300,382964,369500,357724,332500,330853,327000,315500,321000,312022,329750,338349,336371,329800,340380,350482,356232,366429,359393,349975,341708,327490,320039
"Niedersachsen","Rinder 2 Jahre und älter, Bullen und Ochsen",36526,31574,35941,31816,32426,33652,33113,35480,40569,39668,48194,47896,52732,51562,55754,63568,45038,60653,66567,69932,71249,72490,73258,35168,35214,33010,34791,37416,36761,35940,46436,52822,45101,52007,52456,58152,52373,52467,47683,51658,46875,42861,42015,39022,41062,40521,34871,31800,33200,45220,46900,43862,38000,31572,30800,25500,30900,31965,21627,24010,20183,16740,15263,16654,17218,16901,17191,15115,15295,14906,14747
"Niedersachsen","Rinder 2 Jahre und älter, Färsen zum Schlachten",NA,NA,NA,NA,NA,NA,NA,NA,NA,NA,NA,NA,NA,NA,NA,NA,NA,NA,NA,NA,NA,NA,NA,12633,14850,12372,11402,11864,12437,11629,11231,9370,9310,9164,12443,15763,14334,16406,12737,13397,16558,14054,12148,12258,11439,14533,13044,13800,17400,11899,13200,18067,15100,11617,10500,9200,9600,8713,3701,3794,5197,5045,4830,4860,4997,5056,5263,5836,5645,5277,4485
"Niedersachsen","Rinder 2 J.u.älter, Färsen als Zucht- u. Nutztiere",NA,NA,NA,NA,NA,NA,NA,NA,NA,NA,NA,NA,NA,NA,NA,NA,NA,NA,NA,NA,NA,NA,NA,126164,123333,123911,126428,135013,136541,145500,139437,130197,142270,149724,134630,151903,138444,126365,137283,127979,131642,134782,128723,124112,134635,140640,144447,149800,156800,152001,159000,160576,155100,151209,150000,143400,142600,144931,158097,155511,152768,146251,140386,147001,145761,143939,143012,140187,130622,125178,115703
"Niedersachsen","Rinder 2 Jahre und älter, Milchkühe",1030032,1030529,1046120,1056227,1025902,993631,988312,959245,978454,999605,1020239,1026207,1034553,1013698,1023439,1045273,1039790,1037131,1044340,1053683,1024595,991588,1015807,1032028,1007903,1010737,1029519,1035727,1040647,1056223,1080037,1090997,1125063,1192676,1148008,1121548,1089765,1009660,1002938,990044,949545,902559,869559,852934,863260,872599,860808,827300,807600,794337,758400,762780,738500,748056,743700,733000,707900,709417,765141,773249,776442,791845,804069,838490,845318,865357,860932,865218,849192,831813,822178
"Niedersachsen","Rinder 2 Jahre und älter, Ammen- und Mutterkühe",NA,NA,NA,NA,NA,NA,NA,NA,NA,NA,NA,NA,NA,NA,NA,NA,NA,NA,NA,NA,NA,13352,15226,22982,24390,22400,21724,19580,18228,19610,23076,23665,17610,17552,22139,16970,17917,16923,21678,23682,29836,30622,58732,59187,63706,61561,68005,67900,69300,73922,76300,81887,78000,73508,72400,76200,71200,73032,NA,NA,NA,NA,NA,NA,NA,NA,NA,NA,NA,NA,NA
"Niedersachsen","Rinder 2 Jahre und älter, Schlacht- und Mastkühe",9075,8004,12197,11196,11344,11429,10881,12243,8935,7574,9493,10094,12410,12506,15241,17744,21193,19227,17966,19338,9038,7509,7527,11697,11140,8581,8701,10384,12112,13634,10812,7575,8370,8273,13179,12265,15110,20072,20301,23831,32497,22770,19851,20319,18838,27196,17799,22000,24800,21989,32900,36165,28600,23007,23600,21500,19300,20762,NA,NA,NA,NA,NA,NA,NA,NA,NA,NA,NA,NA,NA
"Niedersachsen","Rinder 2 Jahre und älter, andere Kühe",NA,NA,NA,NA,NA,NA,NA,NA,NA,NA,NA,NA,NA,NA,NA,NA,NA,NA,NA,NA,NA,NA,NA,NA,NA,NA,NA,NA,NA,NA,NA,NA,NA,NA,NA,NA,NA,NA,NA,NA,NA,NA,NA,NA,NA,NA,NA,NA,NA,NA,NA,NA,NA,NA,NA,NA,NA,NA,79076,78108,70809,66733,69927,70593,71031,70330,71112,69425,69641,68251,69316
"Nordrhein-Westfalen","Kälber bis einschließlich 8 Monate",71289,85665,95179,94374,104056,108146,117214,121244,141639,137119,160317,174980,171061,159388,180834,190435,191360,191224,188539,190753,184185,178314,192864,246767,258975,256928,264451,267313,272353,289440,292872,294781,304244,320082,348724,322733,330807,324703,322652,325370,326332,290520,296305,288215,284423,286665,267404,253600,244800,270391,263100,242728,236200,232584,235600,237300,221900,218655,247109,337361,340546,340019,343583,343465,342861,337402,327270,326327,313890,300963,291201
"Nordrhein-Westfalen","Jungrinder über 8 Monate bis 1 Jahr, männlich",28192,32024,38894,36009,41830,48447,61797,68470,78525,95495,110691,134546,137902,123990,136204,151238,159364,156462,162298,173842,176349,167358,179179,182553,193951,196770,198648,203276,208495,209107,212102,207053,219251,228470,245264,254543,235590,242978,236928,240721,255299,228238,221503,209717,204397,190447,180768,178900,162800,142558,141000,139428,132900,133724,126400,130900,129400,128283,132064,87943,85759,86313,90198,90054,88787,89214,85902,87462,82196,78732,77547
"Nordrhein-Westfalen","Jungrinder über 8 Monate bis 1 Jahr, weiblich",193211,205068,222287,212279,218059,214880,226135,230502,233640,237890,242777,247609,243792,235806,243287,246836,253973,256377,255281,252955,245690,230288,229330,219048,223833,219554,220038,212279,212245,209621,210246,212452,207317,212902,211493,199552,195760,184849,178016,175135,185095,174934,166381,156894,162917,160804,160260,152400,144100,129595,123200,120427,113600,112403,108200,110000,101600,107678,99775,65512,68257,67298,68830,69741,71424,72335,71714,67938,64398,62527,62054
"Nordrhein-Westfalen","Rinder 1 bis unter 2 Jahre, männlich",15119,15149,18200,18837,18473,22951,28728,33231,36384,52158,59061,69575,84260,78776,81537,99263,110084,112032,116877,130931,142010,144697,151279,145597,167219,176611,183129,188386,203290,204426,203343,209806,210018,231047,230614,261844,240735,247875,255713,262886,274912,260825,244705,242115,242987,233130,217669,193300,199800,198480,207800,203395,189500,183983,170200,174700,182000,175177,189617,188012,179991,178997,180563,191947,190822,183155,191714,180797,186680,180087,172511
"Nordrhein-Westfalen","Rinder 1 bis u. 2 Jahre, weiblich, zum Schlachten",NA,NA,NA,NA,NA,NA,NA,NA,NA,NA,NA,NA,NA,NA,NA,NA,NA,NA,NA,NA,NA,NA,NA,55783,56382,53408,51847,52525,53496,50022,49337,48054,46245,48639,51994,49338,56931,57105,46838,47033,53140,52437,49861,43015,45228,43672,46199,43600,41100,40302,46700,39659,35300,31876,27000,31300,23000,29481,10318,10152,13909,14818,15345,14672,14655,15300,15990,16364,15718,16213,14274
"Nordrhein-Westfalen","Rinder 1 b.u.2 J., weiblich, Nutz- u.Zuchttiere",NA,NA,NA,NA,NA,NA,NA,NA,NA,NA,NA,NA,NA,NA,NA,NA,NA,NA,NA,NA,NA,NA,NA,229464,205292,208196,203890,202945,205533,210734,208631,214272,219465,225311,219286,232096,211846,201691,206187,199901,205382,196322,194856,196843,191108,194074,195531,184600,188500,183983,178600,168179,159300,159895,156800,154800,156000,154635,179693,181179,178061,174302,175998,179569,185500,189009,184535,179189,170903,163264,161385
"Nordrhein-Westfalen","Rinder 2 Jahre und älter, Bullen und Ochsen",20455,18682,18972,18112,16950,18273,18457,20185,20305,20764,25821,30220,35322,30906,33303,35319,38480,37040,40435,41288,42534,41423,41590,22455,38186,38298,36406,36883,36348,33920,30742,21317,28147,NA,28321,24287,29640,NA,32180,27743,30320,26550,24533,17887,24051,22529,24258,22600,17700,31060,21300,27582,23000,23581,21100,14700,17100,21809,14328,14977,14177,11279,9474,10308,10342,10155,10027,9422,9594,9249,9574
"Nordrhein-Westfalen","Rinder 2 Jahre und älter, Färsen zum Schlachten",NA,NA,NA,NA,NA,NA,NA,NA,NA,NA,NA,NA,NA,NA,NA,NA,NA,NA,NA,NA,NA,NA,NA,11774,8993,7291,7271,7083,8290,7452,7323,6509,6217,NA,7245,7118,8657,NA,8192,NA,10527,9538,8417,6673,8200,11181,9516,9800,9800,7809,8800,12397,9000,7838,6400,6400,6100,6456,2105,2234,3082,2893,2702,2646,2860,2923,3003,3228,3165,3014,2650
"Nordrhein-Westfalen","Rinder 2 J.u.älter, Färsen als Zucht- u. Nutztiere",NA,NA,NA,NA,NA,NA,NA,NA,NA,NA,NA,NA,NA,NA,NA,NA,NA,NA,NA,NA,NA,NA,NA,86232,63312,63277,61927,65236,64319,67319,67449,67034,67552,67288,64061,68112,64475,62735,68939,64300,67974,65390,66671,66596,65983,66902,72913,72800,76000,69590,67700,71140,65000,64877,63200,64400,60100,59418,78710,76772,77476,71224,67169,68553,69576,70172,68548,66627,62258,59546,54625
"Nordrhein-Westfalen","Rinder 2 Jahre und älter, Milchkühe",820629,841029,850814,856285,829258,805280,790508,775535,784525,789348,810781,818826,810118,793177,795098,797232,795000,791041,787623,779373,734697,701820,702312,696143,663086,659891,654735,644719,629748,627933,629199,625159,637933,665558,639416,622448,609669,567056,558773,550567,526669,494994,478122,468748,477961,467976,462164,451200,422200,418898,391300,404110,387500,391607,384000,382500,363700,371918,390190,396400,398132,400415,402952,417665,420572,423042,417214,417588,409449,401403,397824
"Nordrhein-Westfalen","Rinder 2 Jahre und älter, Ammen- und Mutterkühe",NA,NA,NA,NA,NA,NA,NA,NA,NA,NA,NA,NA,NA,NA,NA,NA,NA,NA,NA,NA,NA,12232,14160,19778,23115,21025,20432,19101,20162,21095,21523,21058,19616,16075,20587,17908,20777,20382,23316,27564,34112,35031,53631,56534,60372,62631,63053,59700,64900,65163,67200,69578,69900,68148,69000,69600,66000,66055,NA,NA,NA,NA,NA,NA,NA,NA,NA,NA,NA,NA,NA
"Nordrhein-Westfalen","Rinder 2 Jahre und älter, Schlacht- und Mastkühe",8836,10028,10981,10516,10582,10527,11127,13419,10708,8287,10403,13692,14722,10719,11706,11677,12841,16140,13893,13656,11066,9303,8455,11208,10538,8544,8364,9502,11962,9706,10677,8636,8081,8621,10114,8931,10883,NA,16864,NA,20404,13539,12537,11101,11977,13300,11443,11700,16000,9579,12800,15160,10900,8296,7300,7200,8400,6923,NA,NA,NA,NA,NA,NA,NA,NA,NA,NA,NA,NA,NA
"Nordrhein-Westfalen","Rinder 2 Jahre und älter, andere Kühe",NA,NA,NA,NA,NA,NA,NA,NA,NA,NA,NA,NA,NA,NA,NA,NA,NA,NA,NA,NA,NA,NA,NA,NA,NA,NA,NA,NA,NA,NA,NA,NA,NA,NA,NA,NA,NA,NA,NA,NA,NA,NA,NA,NA,NA,NA,NA,NA,NA,NA,NA,NA,NA,NA,NA,NA,NA,NA,77417,77247,72058,67314,64585,64959,66043,65774,65615,64503,63361,62374,62613
"Rheinland-Pfalz","Kälber bis einschließlich 8 Monate",54122,62459,59605,55079,59580,63806,66982,67962,72156,75667,77979,83170,75738,69202,74747,77240,82026,82657,77805,75244,72361,68070,67017,101939,100647,94186,94816,96235,94092,92888,94391,87627,84730,86033,86725,85228,76046,73430,71384,69192,70804,64411,61794,61711,60855,60903,60176,58700,55400,66073,66000,67162,61400,57335,53700,54000,53900,54009,57761,71996,68649,68735,65577,67046,69953,66075,64925,62308,61638,60655,57335
"Rheinland-Pfalz","Jungrinder über 8 Monate bis 1 Jahr, männlich",23807,26272,30245,27073,27055,32636,40427,41803,43320,52076,58372,66873,68125,64432,70281,76250,81537,78818,80256,81248,80865,75873,73055,68263,67053,65161,62118,61285,62624,58618,57846,56118,50468,51544,50187,47141,44130,39720,39464,36126,38577,38556,34617,31824,31562,31327,29592,26700,26800,19482,19200,18630,19000,17707,15800,16300,16000,17291,15692,9730,8790,8144,8579,8883,8870,8146,8125,7585,7224,8418,7399
"Rheinland-Pfalz","Jungrinder über 8 Monate bis 1 Jahr, weiblich",87687,89286,95554,91032,88255,90262,93602,96985,96740,101036,101324,99858,99077,93573,96814,96204,99945,99708,100266,98638,95870,89932,88291,77474,77501,75590,74393,74205,76111,74510,74793,75672,71632,71556,70983,69800,67303,65075,59963,58597,56251,56529,50358,50250,49113,49759,48927,49400,47900,41216,38400,39670,38000,36307,34800,35400,35000,34863,32715,21030,21315,20799,20679,21028,21409,21248,20732,20375,19547,18952,18963
"Rheinland-Pfalz","Rinder 1 bis unter 2 Jahre, männlich",16660,17730,19337,19423,16887,19509,23897,25028,25309,25320,32180,41922,44422,47729,42036,54831,62191,63422,64863,69360,70487,66257,62715,68589,67361,68186,61735,66379,69150,68165,64674,65130,58325,54970,55649,57949,53653,50135,49461,47331,45423,42733,40256,35457,37644,33928,35750,31000,29900,28122,28100,24138,26900,24524,23300,20100,20700,21755,24434,23371,20411,18332,17826,19036,19292,18019,17048,17319,16187,17123,18043
"Rheinland-Pfalz","Rinder 1 bis u. 2 Jahre, weiblich, zum Schlachten",NA,NA,NA,NA,NA,NA,NA,NA,NA,NA,NA,NA,NA,NA,NA,NA,NA,NA,NA,NA,NA,NA,NA,20202,22446,19116,16812,17980,18818,18699,19201,18353,16443,16261,19669,17572,17811,17541,14982,11910,13387,15242,11816,10679,10159,9763,9590,9700,9500,10872,11100,11027,10200,9240,8300,7600,7600,8298,3662,3575,4911,5243,5374,5088,5053,5106,5419,5580,5327,5733,4710
"Rheinland-Pfalz","Rinder 1 b.u.2 J., weiblich, Nutz- u.Zuchttiere",NA,NA,NA,NA,NA,NA,NA,NA,NA,NA,NA,NA,NA,NA,NA,NA,NA,NA,NA,NA,NA,NA,NA,63394,64412,69404,69053,71798,74271,76253,74710,74266,77728,75807,73718,74558,72104,70371,69599,71987,65654,62271,59138,61330,59348,61971,62393,61100,58500,59467,57900,54119,55800,52859,52300,51000,52400,51509,56772,56792,53931,52098,51979,52469,53183,54074,52693,50984,48960,48130,47410
"Rheinland-Pfalz","Rinder 2 Jahre und älter, Bullen und Ochsen",25248,23239,20984,19067,15899,14467,15011,14453,12798,11611,13510,13611,13030,12920,10477,13456,13648,12800,11273,12426,12832,11728,15315,7062,6979,6248,5371,6337,6395,6636,6012,5052,5623,4816,5183,6980,5765,5824,5012,4478,5073,3571,4822,4439,5321,5393,5347,4600,4900,7063,7500,9633,5900,5627,4600,6200,6000,4885,5807,5874,5377,4569,4115,4642,4603,4419,4427,4487,4462,4457,4588
"Rheinland-Pfalz","Rinder 2 Jahre und älter, Färsen zum Schlachten",NA,NA,NA,NA,NA,NA,NA,NA,NA,NA,NA,NA,NA,NA,NA,NA,NA,NA,NA,NA,NA,NA,NA,2529,3069,2544,2283,2833,4770,5007,4898,6172,4740,5068,5137,6079,5200,5445,5095,3800,5494,4774,4247,3199,3428,3374,3407,3400,3600,1906,2300,2348,2100,1764,2000,1100,1300,1281,752,820,1124,1063,1033,1029,1080,1040,1072,1194,1229,1140,1022
"Rheinland-Pfalz","Rinder 2 J.u.älter, Färsen als Zucht- u. Nutztiere",NA,NA,NA,NA,NA,NA,NA,NA,NA,NA,NA,NA,NA,NA,NA,NA,NA,NA,NA,NA,NA,NA,NA,24497,26009,27989,25663,29645,27779,31282,29880,27319,29552,31002,28438,32359,31026,31081,32376,35246,33018,32066,30778,30586,29574,30576,32475,33800,32000,31887,32800,30666,29800,27338,27800,26500,24900,24250,27052,26751,27047,24944,23990,24938,24464,23550,23197,23094,22181,20938,19640
"Rheinland-Pfalz","Rinder 2 Jahre und älter, Milchkühe",366000,372126,371401,367484,357593,345574,344355,336244,326828,326025,334569,336943,326679,311980,302324,298432,298190,296936,293783,288452,267798,252398,250933,250365,241521,238689,232831,237281,238423,235806,234610,228359,227983,230306,227428,219960,216081,201649,198871,191809,180420,166096,155398,154610,150866,148500,148461,142000,136000,136392,130500,131903,130000,126587,125200,122400,118100,117284,119265,118398,118955,117783,116758,119444,119947,118107,113621,112171,108203,105618,104111
"Rheinland-Pfalz","Rinder 2 Jahre und älter, Ammen- und Mutterkühe",NA,NA,NA,NA,NA,NA,NA,NA,NA,NA,NA,NA,NA,NA,NA,NA,NA,NA,NA,NA,NA,2581,3119,3559,2325,4075,5590,4170,4636,5302,6687,5853,7135,6953,9299,9192,11039,13427,14300,17223,22665,28845,41077,44528,47469,50880,48723,47600,49900,52208,53700,52731,50700,48161,47400,47400,46300,45588,NA,NA,NA,NA,NA,NA,NA,NA,NA,NA,NA,NA,NA
"Rheinland-Pfalz","Rinder 2 Jahre und älter, Schlacht- und Mastkühe",2284,3425,3989,4880,4593,4089,4592,4874,3786,3129,3187,3235,3333,3078,2983,3784,4501,4329,4593,4705,4791,3776,2895,5291,4638,3602,3331,4141,5223,5049,5228,4863,4028,3840,4843,5015,4163,5235,3804,3956,5502,5106,2952,2398,2722,3076,2525,2200,2200,2540,3900,4155,3700,3006,2400,1700,1500,1788,NA,NA,NA,NA,NA,NA,NA,NA,NA,NA,NA,NA,NA
"Rheinland-Pfalz","Rinder 2 Jahre und älter, andere Kühe",NA,NA,NA,NA,NA,NA,NA,NA,NA,NA,NA,NA,NA,NA,NA,NA,NA,NA,NA,NA,NA,NA,NA,NA,NA,NA,NA,NA,NA,NA,NA,NA,NA,NA,NA,NA,NA,NA,NA,NA,NA,NA,NA,NA,NA,NA,NA,NA,NA,NA,NA,NA,NA,NA,NA,NA,NA,NA,47668,45714,43544,41350,39454,39859,40375,39771,39625,38944,38165,37946,37702
"Saarland","Kälber bis einschließlich 8 Monate",NA,NA,NA,3610,3386,3522,3639,3901,4736,5637,5256,5937,5314,5607,5999,6397,6845,7262,7155,6748,6614,6478,6486,10986,9971,9445,9034,9616,9453,9050,9354,7973,8356,8710,10147,8458,9029,9318,8918,8650,8974,8409,8189,8137,8076,8274,8601,8000,8200,10565,9900,10116,9400,9682,8800,9000,8500,8609,9132,11325,9091,9393,9452,9272,9588,8987,8681,8156,8318,7986,7955
"Saarland","Jungrinder über 8 Monate bis 1 Jahr, männlich",NA,NA,NA,1072,824,736,1036,1118,1523,2077,2527,3268,3755,3899,4935,5764,6886,6793,7545,8140,8254,8156,7642,7670,8031,7486,6922,7113,7328,7045,7218,6777,6958,6351,6131,6608,6258,5674,5791,5496,5811,5742,5288,5145,4568,4290,4532,4200,4500,3381,3500,3278,3300,3157,2700,3100,2400,2765,2582,1440,1405,1336,1447,1538,1464,1424,1254,1088,1073,1359,1121
"Saarland","Jungrinder über 8 Monate bis 1 Jahr, weiblich",NA,NA,NA,9095,7533,6729,7287,7529,8187,9030,9568,9445,9994,9307,9889,9770,10039,9813,9995,9739,9285,9225,8307,7946,8444,8125,8089,7977,7884,8120,7824,8116,7698,7488,7332,7427,7060,6557,6356,6516,6520,6256,6192,6374,6325,5921,5913,6300,6200,4636,5000,4875,4700,4672,4700,4500,4300,4443,4168,2598,2783,2846,2986,3060,2960,2935,2901,2782,2459,2599,2397
"Saarland","Rinder 1 bis unter 2 Jahre, männlich",NA,NA,NA,864,559,539,657,610,765,890,1343,1737,2192,2558,2464,3575,4492,5141,5235,6054,6624,7013,6922,7109,6867,7034,6101,6826,7792,8154,7581,7710,7156,7736,7303,7764,7800,7535,7906,7694,7620,6672,6612,6201,6228,6140,5912,5600,5400,5558,4800,5034,5100,4521,4100,3700,3800,3884,4173,3745,3335,3095,3031,3342,3474,3191,3014,2910,2549,2636,2824
"Saarland","Rinder 1 bis u. 2 Jahre, weiblich, zum Schlachten",NA,NA,NA,NA,NA,NA,NA,NA,NA,NA,NA,NA,NA,NA,NA,NA,NA,NA,NA,NA,NA,NA,NA,2270,2753,2282,1695,2201,1814,2067,1780,1767,1652,1286,1906,3177,1812,1691,1788,1828,1405,2061,1240,1030,1063,1151,1212,1000,1200,1031,1300,1426,1500,1428,1100,1200,900,1279,535,534,729,726,843,807,778,791,807,845,748,785,654
"Saarland","Rinder 1 b.u.2 J., weiblich, Nutz- u.Zuchttiere",NA,NA,NA,NA,NA,NA,NA,NA,NA,NA,NA,NA,NA,NA,NA,NA,NA,NA,NA,NA,NA,NA,NA,6199,6675,7150,7115,7075,7478,7602,7901,7994,7851,8146,7365,8152,7440,7899,7485,7179,7260,7330,6940,7149,7334,6899,7554,7700,7200,7442,6800,7033,6500,7017,6900,6300,6600,6464,7099,7191,6935,6525,6901,7174,7291,7230,6918,6867,6304,6068,6184
"Saarland","Rinder 2 Jahre und älter, Bullen und Ochsen",NA,NA,NA,770,608,506,537,535,523,580,635,776,929,1012,768,1269,1520,1465,1501,1431,1724,1640,1702,990,1110,859,756,940,899,967,948,1025,1012,794,1008,880,774,957,784,836,763,546,590,704,729,860,763,700,800,743,1200,1464,1400,816,1100,700,600,699,922,909,766,702,616,686,752,670,677,679,695,623,621
"Saarland","Rinder 2 Jahre und älter, Färsen zum Schlachten",NA,NA,NA,NA,NA,NA,NA,NA,NA,NA,NA,NA,NA,NA,NA,NA,NA,NA,NA,NA,NA,NA,NA,397,475,408,344,414,334,346,334,271,350,321,579,582,572,559,669,533,574,589,368,343,265,331,384,400,500,289,200,216,200,210,300,100,200,223,105,115,154,145,135,141,155,153,150,163,160,143,120
"Saarland","Rinder 2 J.u.älter, Färsen als Zucht- u. Nutztiere",NA,NA,NA,NA,NA,NA,NA,NA,NA,NA,NA,NA,NA,NA,NA,NA,NA,NA,NA,NA,NA,NA,NA,2091,2241,2374,2400,2439,2585,2506,2730,3165,2960,3121,2559,3324,2911,3115,3009,2906,3066,3087,3311,3284,2893,3509,3449,3500,4100,4012,4000,3987,4200,3576,3500,3200,3300,3191,3485,3336,3385,3249,2998,3231,3338,3293,3151,3089,2884,2608,2296
"Saarland","Rinder 2 Jahre und älter, Milchkühe",NA,NA,NA,46588,45597,44470,42641,39451,37616,35189,35258,34816,34138,32994,31844,31152,31077,30385,30605,30637,29070,28175,27948,27925,26732,26033,25813,26030,26203,26166,25641,25305,26174,25411,24453,23527,23974,22931,22548,22399,20731,18981,18189,17708,17720,17026,17271,16500,15700,16599,15000,15611,14200,14801,14000,13900,13200,13421,14140,14084,14292,14324,14639,14930,14978,14726,14230,13883,13504,13286,12980
"Saarland","Rinder 2 Jahre und älter, Ammen- und Mutterkühe",NA,NA,NA,NA,NA,NA,NA,NA,NA,NA,NA,NA,NA,NA,NA,NA,NA,NA,NA,NA,NA,565,601,704,702,1010,695,985,783,931,1453,1243,540,1846,2039,2333,2081,2040,2443,2952,4057,5124,6350,7082,6949,7283,7540,8000,8100,8146,8400,8873,9200,8363,8300,7800,7700,7968,NA,NA,NA,NA,NA,NA,NA,NA,NA,NA,NA,NA,NA
"Saarland","Rinder 2 Jahre und älter, Schlacht- und Mastkühe",NA,NA,NA,625,640,527,566,573,566,570,503,585,426,519,564,694,749,793,803,752,545,460,466,669,536,486,340,416,482,487,514,321,308,399,459,431,426,436,491,539,500,352,278,286,401,359,184,300,200,137,300,244,1100,217,300,400,200,212,NA,NA,NA,NA,NA,NA,NA,NA,NA,NA,NA,NA,NA
"Saarland","Rinder 2 Jahre und älter, andere Kühe",NA,NA,NA,NA,NA,NA,NA,NA,NA,NA,NA,NA,NA,NA,NA,NA,NA,NA,NA,NA,NA,NA,NA,NA,NA,NA,NA,NA,NA,NA,NA,NA,NA,NA,NA,NA,NA,NA,NA,NA,NA,NA,NA,NA,NA,NA,NA,NA,NA,NA,NA,NA,NA,NA,NA,NA,NA,NA,7821,7518,7065,6711,6412,6344,6230,6097,6069,5664,5525,5364,5433
"Sachsen","Kälber bis einschließlich 8 Monate",NA,NA,NA,NA,NA,NA,NA,NA,NA,NA,NA,NA,NA,NA,NA,NA,NA,NA,NA,NA,NA,NA,NA,NA,NA,NA,NA,NA,NA,NA,NA,NA,NA,NA,NA,NA,NA,NA,NA,NA,170071,99955,90743,88933,91605,89159,80774,77900,81100,81340,79200,81799,75600,74946,72800,73500,71200,69757,75187,98129,95631,96261,96286,97130,100064,97861,95128,91902,89749,87940,87990
"Sachsen","Jungrinder über 8 Monate bis 1 Jahr, männlich",NA,NA,NA,NA,NA,NA,NA,NA,NA,NA,NA,NA,NA,NA,NA,NA,NA,NA,NA,NA,NA,NA,NA,NA,NA,NA,NA,NA,NA,NA,NA,NA,NA,NA,NA,NA,NA,NA,NA,NA,79567,47946,37177,32109,34344,30671,25517,21200,20100,17167,16700,16880,15400,15598,14700,12700,12700,13727,14855,10746,9367,9213,9365,9152,9431,8438,8149,8176,7119,7193,6305
"Sachsen","Jungrinder über 8 Monate bis 1 Jahr, weiblich",NA,NA,NA,NA,NA,NA,NA,NA,NA,NA,NA,NA,NA,NA,NA,NA,NA,NA,NA,NA,NA,NA,NA,NA,NA,NA,NA,NA,NA,NA,NA,NA,NA,NA,NA,NA,NA,NA,NA,NA,97779,57081,51759,55756,59568,61208,60732,59800,60600,54595,49900,50921,47800,46830,45800,46900,45800,44775,47478,34464,32710,32677,32609,32842,33699,34419,33157,32758,31173,30586,30139
"Sachsen","Rinder 1 bis unter 2 Jahre, männlich",NA,NA,NA,NA,NA,NA,NA,NA,NA,NA,NA,NA,NA,NA,NA,NA,NA,NA,NA,NA,NA,NA,NA,NA,NA,NA,NA,NA,NA,NA,NA,NA,NA,NA,NA,NA,NA,NA,NA,NA,113830,73580,50546,43836,43930,40117,35586,25800,23800,22342,22100,21429,21200,19544,17400,17300,16000,15416,17751,17290,17397,16021,15272,16641,16895,16294,15706,15253,14609,14154,14078
"Sachsen","Rinder 1 bis u. 2 Jahre, weiblich, zum Schlachten",NA,NA,NA,NA,NA,NA,NA,NA,NA,NA,NA,NA,NA,NA,NA,NA,NA,NA,NA,NA,NA,NA,NA,NA,NA,NA,NA,NA,NA,NA,NA,NA,NA,NA,NA,NA,NA,NA,NA,NA,49609,20753,10531,8523,5261,3689,3489,3300,3000,2897,2700,2683,2300,2080,1700,1800,2200,2237,3749,3579,5052,5335,5639,5359,5226,5391,5925,5940,5631,5641,5030
"Sachsen","Rinder 1 b.u.2 J., weiblich, Nutz- u.Zuchttiere",NA,NA,NA,NA,NA,NA,NA,NA,NA,NA,NA,NA,NA,NA,NA,NA,NA,NA,NA,NA,NA,NA,NA,NA,NA,NA,NA,NA,NA,NA,NA,NA,NA,NA,NA,NA,NA,NA,NA,NA,117590,89235,70349,73431,86064,90092,93783,96100,92500,90021,88600,83472,85100,82753,81200,77900,79800,77485,82945,83704,85172,82924,83973,84705,84286,84536,83423,80179,77175,74340,74455
"Sachsen","Rinder 2 Jahre und älter, Bullen und Ochsen",NA,NA,NA,NA,NA,NA,NA,NA,NA,NA,NA,NA,NA,NA,NA,NA,NA,NA,NA,NA,NA,NA,NA,NA,NA,NA,NA,NA,NA,NA,NA,NA,NA,NA,NA,NA,NA,NA,NA,NA,11065,5590,5225,5576,6201,3913,3351,4000,3000,3036,2900,3173,2700,2632,3200,2400,2400,2376,4029,4095,3674,3496,3436,3349,3547,3558,3591,3849,4005,3987,3817
"Sachsen","Rinder 2 Jahre und älter, Färsen zum Schlachten",NA,NA,NA,NA,NA,NA,NA,NA,NA,NA,NA,NA,NA,NA,NA,NA,NA,NA,NA,NA,NA,NA,NA,NA,NA,NA,NA,NA,NA,NA,NA,NA,NA,NA,NA,NA,NA,NA,NA,NA,7919,2672,1892,1457,1235,734,697,600,900,856,600,574,500,513,300,200,200,276,628,650,968,961,941,908,926,888,911,995,1000,944,802
"Sachsen","Rinder 2 J.u.älter, Färsen als Zucht- u. Nutztiere",NA,NA,NA,NA,NA,NA,NA,NA,NA,NA,NA,NA,NA,NA,NA,NA,NA,NA,NA,NA,NA,NA,NA,NA,NA,NA,NA,NA,NA,NA,NA,NA,NA,NA,NA,NA,NA,NA,NA,NA,57022,48152,44600,36598,44206,46449,46098,46200,44800,43442,40300,35610,32600,30956,28800,28000,25100,25395,24963,23628,25600,24360,23496,23840,22727,21554,21039,20530,20307,19543,17233
"Sachsen","Rinder 2 Jahre und älter, Milchkühe",NA,NA,NA,NA,NA,NA,NA,NA,NA,NA,NA,NA,NA,NA,NA,NA,NA,NA,NA,NA,NA,NA,NA,NA,NA,NA,NA,NA,NA,NA,NA,NA,NA,NA,NA,NA,NA,NA,NA,NA,383930,256437,249080,246327,251030,247459,247852,250000,233700,227622,220600,215358,208400,208582,202500,203400,195600,192964,191555,191338,186346,186937,186686,188118,192486,190028,183376,181738,177364,176379,176116
"Sachsen","Rinder 2 Jahre und älter, Ammen- und Mutterkühe",NA,NA,NA,NA,NA,NA,NA,NA,NA,NA,NA,NA,NA,NA,NA,NA,NA,NA,NA,NA,NA,NA,NA,NA,NA,NA,NA,NA,NA,NA,NA,NA,NA,NA,NA,NA,NA,NA,NA,NA,10796,10955,15488,20999,26779,29060,30005,31400,35200,36082,37400,37631,36700,36169,35600,36100,35800,37867,NA,NA,NA,NA,NA,NA,NA,NA,NA,NA,NA,NA,NA
"Sachsen","Rinder 2 Jahre und älter, Schlacht- und Mastkühe",NA,NA,NA,NA,NA,NA,NA,NA,NA,NA,NA,NA,NA,NA,NA,NA,NA,NA,NA,NA,NA,NA,NA,NA,NA,NA,NA,NA,NA,NA,NA,NA,NA,NA,NA,NA,NA,NA,NA,NA,10036,6411,2864,1783,2110,1844,1654,1600,1900,1182,900,1307,1100,1000,900,800,600,558,NA,NA,NA,NA,NA,NA,NA,NA,NA,NA,NA,NA,NA
"Sachsen","Rinder 2 Jahre und älter, andere Kühe",NA,NA,NA,NA,NA,NA,NA,NA,NA,NA,NA,NA,NA,NA,NA,NA,NA,NA,NA,NA,NA,NA,NA,NA,NA,NA,NA,NA,NA,NA,NA,NA,NA,NA,NA,NA,NA,NA,NA,NA,NA,NA,NA,NA,NA,NA,NA,NA,NA,NA,NA,NA,NA,NA,NA,NA,NA,NA,41033,41423,41817,41525,41025,41204,41362,41348,41689,42177,41325,39761,39424
"Sachsen-Anhalt","Kälber bis einschließlich 8 Monate",NA,NA,NA,NA,NA,NA,NA,NA,NA,NA,NA,NA,NA,NA,NA,NA,NA,NA,NA,NA,NA,NA,NA,NA,NA,NA,NA,NA,NA,NA,NA,NA,NA,NA,NA,NA,NA,NA,NA,NA,126775,59682,59063,54492,60556,61138,57897,52900,54100,56362,56900,55798,52300,49973,50100,51300,48600,48451,52816,67480,64705,67719,67278,68686,69413,67896,66998,64026,63393,59186,58704
"Sachsen-Anhalt","Jungrinder über 8 Monate bis 1 Jahr, männlich",NA,NA,NA,NA,NA,NA,NA,NA,NA,NA,NA,NA,NA,NA,NA,NA,NA,NA,NA,NA,NA,NA,NA,NA,NA,NA,NA,NA,NA,NA,NA,NA,NA,NA,NA,NA,NA,NA,NA,NA,72647,38049,33151,26284,26654,23860,19837,18000,16800,16247,13100,14539,15100,11574,10700,9500,9100,9724,10533,7074,5599,5891,5695,5629,6154,5849,6048,5888,5426,5048,4643
"Sachsen-Anhalt","Jungrinder über 8 Monate bis 1 Jahr, weiblich",NA,NA,NA,NA,NA,NA,NA,NA,NA,NA,NA,NA,NA,NA,NA,NA,NA,NA,NA,NA,NA,NA,NA,NA,NA,NA,NA,NA,NA,NA,NA,NA,NA,NA,NA,NA,NA,NA,NA,NA,80334,46691,39930,39879,42276,42186,41882,39700,37800,37530,34400,35153,33400,32214,31900,31800,31600,32029,32932,23585,22463,21747,22217,22950,23675,23421,24155,22150,22435,21259,21124
"Sachsen-Anhalt","Rinder 1 bis unter 2 Jahre, männlich",NA,NA,NA,NA,NA,NA,NA,NA,NA,NA,NA,NA,NA,NA,NA,NA,NA,NA,NA,NA,NA,NA,NA,NA,NA,NA,NA,NA,NA,NA,NA,NA,NA,NA,NA,NA,NA,NA,NA,NA,112396,50597,42067,34427,31963,30117,24258,20200,19400,20166,19200,19624,20000,20248,12500,10800,10300,10000,13194,14254,11860,10664,10927,11688,12257,11847,11526,12446,11610,10893,10640
"Sachsen-Anhalt","Rinder 1 bis u. 2 Jahre, weiblich, zum Schlachten",NA,NA,NA,NA,NA,NA,NA,NA,NA,NA,NA,NA,NA,NA,NA,NA,NA,NA,NA,NA,NA,NA,NA,NA,NA,NA,NA,NA,NA,NA,NA,NA,NA,NA,NA,NA,NA,NA,NA,NA,39928,12245,7085,7021,4054,3079,3538,2300,2000,2029,1700,2662,1800,2692,2300,2100,1700,1605,2877,2857,3977,4126,4209,4297,4153,3968,4169,4336,4094,4289,3666
"Sachsen-Anhalt","Rinder 1 b.u.2 J., weiblich, Nutz- u.Zuchttiere",NA,NA,NA,NA,NA,NA,NA,NA,NA,NA,NA,NA,NA,NA,NA,NA,NA,NA,NA,NA,NA,NA,NA,NA,NA,NA,NA,NA,NA,NA,NA,NA,NA,NA,NA,NA,NA,NA,NA,NA,94534,60115,52482,52941,56477,59291,62917,61800,61100,60414,60300,57365,55700,54817,53300,51400,53700,52084,56454,58394,59244,56466,57399,58341,59325,59641,59031,57706,54630,54224,52823
"Sachsen-Anhalt","Rinder 2 Jahre und älter, Bullen und Ochsen",NA,NA,NA,NA,NA,NA,NA,NA,NA,NA,NA,NA,NA,NA,NA,NA,NA,NA,NA,NA,NA,NA,NA,NA,NA,NA,NA,NA,NA,NA,NA,NA,NA,NA,NA,NA,NA,NA,NA,NA,10426,6422,2927,2542,2744,2893,3529,2700,1800,2086,2100,2327,2100,1717,2200,1600,1600,1979,2331,2543,2794,2353,2147,2192,2274,2304,2459,2512,2639,2533,2530
"Sachsen-Anhalt","Rinder 2 Jahre und älter, Färsen zum Schlachten",NA,NA,NA,NA,NA,NA,NA,NA,NA,NA,NA,NA,NA,NA,NA,NA,NA,NA,NA,NA,NA,NA,NA,NA,NA,NA,NA,NA,NA,NA,NA,NA,NA,NA,NA,NA,NA,NA,NA,NA,8009,4528,1236,1041,923,744,562,500,1000,577,500,736,500,484,400,200,300,297,490,526,737,738,729,717,755,731,670,745,708,652,610
"Sachsen-Anhalt","Rinder 2 J.u.älter, Färsen als Zucht- u. Nutztiere",NA,NA,NA,NA,NA,NA,NA,NA,NA,NA,NA,NA,NA,NA,NA,NA,NA,NA,NA,NA,NA,NA,NA,NA,NA,NA,NA,NA,NA,NA,NA,NA,NA,NA,NA,NA,NA,NA,NA,NA,52576,42935,35913,30904,29922,32629,32246,33400,31900,31574,29900,26449,25600,22662,22400,21200,19600,20963,18241,17412,17895,17329,17588,18106,17568,17102,15481,15491,14088,13305,12522
"Sachsen-Anhalt","Rinder 2 Jahre und älter, Milchkühe",NA,NA,NA,NA,NA,NA,NA,NA,NA,NA,NA,NA,NA,NA,NA,NA,NA,NA,NA,NA,NA,NA,NA,NA,NA,NA,NA,NA,NA,NA,NA,NA,NA,NA,NA,NA,NA,NA,NA,NA,272373,166863,161103,165561,168944,168596,168784,166500,153600,159850,154000,149259,144600,142891,140900,137900,132200,131426,129443,127128,123192,123804,124285,125014,127028,125738,119751,119355,116429,113048,110499
"Sachsen-Anhalt","Rinder 2 Jahre und älter, Ammen- und Mutterkühe",NA,NA,NA,NA,NA,NA,NA,NA,NA,NA,NA,NA,NA,NA,NA,NA,NA,NA,NA,NA,NA,NA,NA,NA,NA,NA,NA,NA,NA,NA,NA,NA,NA,NA,NA,NA,NA,NA,NA,NA,5168,5345,9462,11057,17436,26252,22096,21100,22300,25212,26200,26621,26000,24661,24900,26000,25300,25570,NA,NA,NA,NA,NA,NA,NA,NA,NA,NA,NA,NA,NA
"Sachsen-Anhalt","Rinder 2 Jahre und älter, Schlacht- und Mastkühe",NA,NA,NA,NA,NA,NA,NA,NA,NA,NA,NA,NA,NA,NA,NA,NA,NA,NA,NA,NA,NA,NA,NA,NA,NA,NA,NA,NA,NA,NA,NA,NA,NA,NA,NA,NA,NA,NA,NA,NA,13341,5374,3068,2092,2300,2120,1431,1500,1200,810,1100,1305,900,648,700,500,400,698,NA,NA,NA,NA,NA,NA,NA,NA,NA,NA,NA,NA,NA
"Sachsen-Anhalt","Rinder 2 Jahre und älter, andere Kühe",NA,NA,NA,NA,NA,NA,NA,NA,NA,NA,NA,NA,NA,NA,NA,NA,NA,NA,NA,NA,NA,NA,NA,NA,NA,NA,NA,NA,NA,NA,NA,NA,NA,NA,NA,NA,NA,NA,NA,NA,NA,NA,NA,NA,NA,NA,NA,NA,NA,NA,NA,NA,NA,NA,NA,NA,NA,NA,31020,31273,30390,30275,29947,29405,30127,30791,30636,30635,29609,28562,28087
"Schleswig-Holstein","Kälber bis einschließlich 8 Monate",71886,76726,91022,97766,105667,100640,121040,128174,148578,159659,161556,165533,172692,158923,170038,191712,186202,186103,195063,198405,190969,183842,211096,234991,236519,241924,256741,249220,257273,248540,258524,255897,255394,262441,272504,254041,253959,245616,249723,260517,265743,256076,253525,252510,243628,251709,241405,225700,220000,217521,206300,198166,193400,185303,176700,177000,169500,172037,173688,235873,228015,235599,229756,227007,226098,218559,213729,206232,195196,191221,185159
"Schleswig-Holstein","Jungrinder über 8 Monate bis 1 Jahr, männlich",50023,52605,64470,61512,66087,67326,77853,84682,93342,117337,116312,127567,145441,129288,124405,141893,145720,139165,138205,147610,143056,135193,145294,165371,163931,164025,171263,163957,164695,153700,153215,142549,140819,141396,148591,138863,133554,131174,126581,130574,135430,127345,115925,110716,107136,107326,100852,95900,99800,100963,100500,108669,106800,101635,101200,98400,93600,90410,90525,51789,41910,39243,40314,40607,36374,33736,34496,32616,29903,27685,27471
"Schleswig-Holstein","Jungrinder über 8 Monate bis 1 Jahr, weiblich",145394,150691,153083,155335,160315,159776,160610,161286,162349,171217,168453,173614,178262,180026,177271,183789,194091,193115,193415,198721,193179,181068,185755,197017,202436,198649,201881,201136,201794,196627,196660,197130,199487,201289,204260,188852,182727,178912,164388,160778,162904,151050,149127,143492,138870,139360,141941,133800,134700,127548,123100,121577,118100,113604,113500,116300,109000,105807,100810,65027,60544,60045,61546,62263,62924,63742,64066,61813,59789,56989,58283
"Schleswig-Holstein","Rinder 1 bis unter 2 Jahre, männlich",33952,37363,42568,44523,43999,44346,44915,51026,55262,64478,68381,70864,79171,82256,77872,80277,82501,80269,79558,82216,87106,88161,90458,104276,106510,113436,116958,121139,123534,117779,110977,104775,106259,109735,118712,132995,120829,121844,124047,126244,134254,129148,122891,122620,126282,124030,121603,117000,119400,124238,119000,132780,121400,122147,110400,101700,114200,114592,117321,115376,100717,90219,91589,95859,89647,78902,80625,78280,74682,67776,65778
"Schleswig-Holstein","Rinder 1 bis u. 2 Jahre, weiblich, zum Schlachten",NA,NA,NA,NA,NA,NA,NA,NA,NA,NA,NA,NA,NA,NA,NA,NA,NA,NA,NA,NA,NA,NA,NA,32628,33973,32702,26563,28243,30417,28595,26105,25541,24765,23038,29896,33504,30750,31826,22463,21181,23887,24941,20428,21079,17757,17469,19377,21600,19000,19334,20900,19887,18600,16424,15500,17700,19400,16006,8995,8835,11058,11916,12100,10960,10550,11178,12049,12700,12699,13133,12082
"Schleswig-Holstein","Rinder 1 b.u.2 J., weiblich, Nutz- u.Zuchttiere",NA,NA,NA,NA,NA,NA,NA,NA,NA,NA,NA,NA,NA,NA,NA,NA,NA,NA,NA,NA,NA,NA,NA,159920,166678,174975,178456,185225,186326,189249,188089,191297,200413,207655,204681,205935,198058,199499,200899,194982,200104,198439,196918,197001,193558,192359,197868,193500,189500,193083,187000,182684,174200,172841,169400,170700,163200,161386,169409,175693,170173,167752,170385,170768,172132,176603,174004,169537,164292,156980,154331
"Schleswig-Holstein","Rinder 2 Jahre und älter, Bullen und Ochsen",17116,12283,16759,13791,14842,13283,14244,12762,12506,14308,15478,16933,17055,16057,18819,22759,19449,18872,19578,20023,22124,22377,24694,19492,22272,21649,22184,24435,23689,22811,19889,21524,18261,22307,21402,24102,19058,18320,17323,17549,19619,19159,16634,18081,14886,13300,14529,14200,16100,15866,15100,16335,12800,12153,12300,9100,9900,11598,11353,12362,11601,9953,8888,10238,10403,9094,9518,9224,10020,9831,10318
"Schleswig-Holstein","Rinder 2 Jahre und älter, Färsen zum Schlachten",NA,NA,NA,NA,NA,NA,NA,NA,NA,NA,NA,NA,NA,NA,NA,NA,NA,NA,NA,NA,NA,NA,NA,6659,6964,6196,5428,5922,7541,7205,6415,6049,5244,4248,6656,8037,9240,8655,6879,8928,8848,7501,6411,6857,5400,5156,6913,6400,8900,7595,8400,11188,9100,7429,8400,7000,7300,7137,2492,2526,3488,3360,3154,3173,3164,3129,3260,3601,3720,3549,3179
"Schleswig-Holstein","Rinder 2 J.u.älter, Färsen als Zucht- u. Nutztiere",NA,NA,NA,NA,NA,NA,NA,NA,NA,NA,NA,NA,NA,NA,NA,NA,NA,NA,NA,NA,NA,NA,NA,53654,56076,57297,56377,59936,59183,63010,59241,61405,62327,60017,59828,64878,62167,60803,65761,64707,68260,67182,68620,70407,74154,72968,77101,77500,85400,94643,95800,98680,91500,91581,87100,80900,80400,77575,91789,89628,90052,84349,80939,84147,81471,79229,78836,77777,75288,72063,69339
"Schleswig-Holstein","Rinder 2 Jahre und älter, Milchkühe",458399,454120,453361,461624,451063,429286,430787,430533,425650,441467,460020,466628,477890,472373,479245,504975,510706,512674,518713,517927,496159,477241,498083,503993,494635,503270,513303,514822,517526,511249,520097,524900,541314,573649,544975,526393,514397,480261,481432,480499,471584,457742,440219,431353,425733,420942,422213,401800,395100,377039,354500,362145,350000,357733,352000,345100,327700,334205,359442,358679,373460,379188,388303,399599,398555,400145,393686,393800,385305,376902,370787
"Schleswig-Holstein","Rinder 2 Jahre und älter, Ammen- und Mutterkühe",NA,NA,NA,NA,NA,NA,NA,NA,NA,NA,NA,NA,NA,NA,NA,NA,NA,NA,NA,NA,NA,4344,5337,10334,10756,6590,5316,4971,5921,6458,6673,7028,6299,6095,9111,8122,7984,8688,11869,14190,19386,22892,34191,37360,39807,41342,43467,39300,40200,45174,46600,48360,48900,42374,44200,40400,43300,44706,NA,NA,NA,NA,NA,NA,NA,NA,NA,NA,NA,NA,NA
"Schleswig-Holstein","Rinder 2 Jahre und älter, Schlacht- und Mastkühe",6136,4319,5862,4793,6489,5999,4642,5395,3818,4104,4415,4899,5430,5014,4755,6590,4575,6163,5491,6223,5317,4030,5213,7916,6252,4693,5365,5748,7461,6993,6635,5781,4834,4087,6655,6684,7190,11134,9502,10979,15392,11538,10079,12838,9026,12117,9701,9200,13900,13687,19600,19857,15100,13423,15900,15100,15200,13914,NA,NA,NA,NA,NA,NA,NA,NA,NA,NA,NA,NA,NA
"Schleswig-Holstein","Rinder 2 Jahre und älter, andere Kühe",NA,NA,NA,NA,NA,NA,NA,NA,NA,NA,NA,NA,NA,NA,NA,NA,NA,NA,NA,NA,NA,NA,NA,NA,NA,NA,NA,NA,NA,NA,NA,NA,NA,NA,NA,NA,NA,NA,NA,NA,NA,NA,NA,NA,NA,NA,NA,NA,NA,NA,NA,NA,NA,NA,NA,NA,NA,NA,55806,52774,46366,42798,40593,40313,39360,38861,39292,38846,39481,39108,41232
"Thüringen","Kälber bis einschließlich 8 Monate",NA,NA,NA,NA,NA,NA,NA,NA,NA,NA,NA,NA,NA,NA,NA,NA,NA,NA,NA,NA,NA,NA,NA,NA,NA,NA,NA,NA,NA,NA,NA,NA,NA,NA,NA,NA,NA,NA,NA,NA,119100,74460,75117,72436,74460,71750,66518,60300,61600,60024,56100,56737,52700,51875,49200,52000,50200,49661,52202,67924,73195,72405,72489,72753,74382,71534,70202,66654,64458,62144,57970
"Thüringen","Jungrinder über 8 Monate bis 1 Jahr, männlich",NA,NA,NA,NA,NA,NA,NA,NA,NA,NA,NA,NA,NA,NA,NA,NA,NA,NA,NA,NA,NA,NA,NA,NA,NA,NA,NA,NA,NA,NA,NA,NA,NA,NA,NA,NA,NA,NA,NA,NA,64794,36671,30039,27355,25866,24386,22205,19300,18200,17344,17500,17530,19600,17308,16700,15400,15900,16971,17021,11673,8617,8592,8293,8414,8298,7745,7351,7369,6855,6510,7230
"Thüringen","Jungrinder über 8 Monate bis 1 Jahr, weiblich",NA,NA,NA,NA,NA,NA,NA,NA,NA,NA,NA,NA,NA,NA,NA,NA,NA,NA,NA,NA,NA,NA,NA,NA,NA,NA,NA,NA,NA,NA,NA,NA,NA,NA,NA,NA,NA,NA,NA,NA,66837,42802,36619,39106,40321,40098,41155,41600,39600,36750,35000,35300,33900,32726,31700,32200,32200,30955,32063,22804,19572,19396,19232,19360,20067,19998,20977,19684,18840,18278,19265
"Thüringen","Rinder 1 bis unter 2 Jahre, männlich",NA,NA,NA,NA,NA,NA,NA,NA,NA,NA,NA,NA,NA,NA,NA,NA,NA,NA,NA,NA,NA,NA,NA,NA,NA,NA,NA,NA,NA,NA,NA,NA,NA,NA,NA,NA,NA,NA,NA,NA,87380,62450,44039,38387,38920,32691,29342,25100,22300,20727,20000,20254,19400,20568,19500,16200,17200,16866,19325,18468,18712,16479,15618,16340,16941,16268,14972,14287,14713,14492,13773
"Thüringen","Rinder 1 bis u. 2 Jahre, weiblich, zum Schlachten",NA,NA,NA,NA,NA,NA,NA,NA,NA,NA,NA,NA,NA,NA,NA,NA,NA,NA,NA,NA,NA,NA,NA,NA,NA,NA,NA,NA,NA,NA,NA,NA,NA,NA,NA,NA,NA,NA,NA,NA,34328,18381,7785,5576,3661,3741,2668,2400,1700,3032,2400,2467,2900,2094,1800,1800,1800,2247,2797,2715,3996,4371,4410,4185,4035,4021,4219,4284,4267,4477,3613
"Thüringen","Rinder 1 b.u.2 J., weiblich, Nutz- u.Zuchttiere",NA,NA,NA,NA,NA,NA,NA,NA,NA,NA,NA,NA,NA,NA,NA,NA,NA,NA,NA,NA,NA,NA,NA,NA,NA,NA,NA,NA,NA,NA,NA,NA,NA,NA,NA,NA,NA,NA,NA,NA,77295,62655,53732,50685,58182,61699,62209,63100,63900,59471,56600,54005,53500,52607,51700,49000,50100,49708,52750,53198,52717,51746,51235,51772,51694,52654,50878,49944,48302,47212,46481
"Thüringen","Rinder 2 Jahre und älter, Bullen und Ochsen",NA,NA,NA,NA,NA,NA,NA,NA,NA,NA,NA,NA,NA,NA,NA,NA,NA,NA,NA,NA,NA,NA,NA,NA,NA,NA,NA,NA,NA,NA,NA,NA,NA,NA,NA,NA,NA,NA,NA,NA,6890,3161,4384,3036,2433,3844,2805,2900,2600,2764,2100,2181,1900,2127,2100,1500,1800,2112,2362,2489,2763,2498,2390,2625,2881,2756,2857,3139,3117,3315,3316
"Thüringen","Rinder 2 Jahre und älter, Färsen zum Schlachten",NA,NA,NA,NA,NA,NA,NA,NA,NA,NA,NA,NA,NA,NA,NA,NA,NA,NA,NA,NA,NA,NA,NA,NA,NA,NA,NA,NA,NA,NA,NA,NA,NA,NA,NA,NA,NA,NA,NA,NA,5689,3734,918,779,433,583,307,400,300,491,400,530,500,214,100,300,400,279,484,519,752,756,746,733,747,739,714,777,780,748,646
"Thüringen","Rinder 2 J.u.älter, Färsen als Zucht- u. Nutztiere",NA,NA,NA,NA,NA,NA,NA,NA,NA,NA,NA,NA,NA,NA,NA,NA,NA,NA,NA,NA,NA,NA,NA,NA,NA,NA,NA,NA,NA,NA,NA,NA,NA,NA,NA,NA,NA,NA,NA,NA,40040,34253,36044,32249,32855,33886,34864,33500,30500,29070,29100,25715,23800,23238,21600,20900,19000,18431,18006,17220,17705,17042,17062,17334,16489,17044,15481,14953,14427,13743,12212
"Thüringen","Rinder 2 Jahre und älter, Milchkühe",NA,NA,NA,NA,NA,NA,NA,NA,NA,NA,NA,NA,NA,NA,NA,NA,NA,NA,NA,NA,NA,NA,NA,NA,NA,NA,NA,NA,NA,NA,NA,NA,NA,NA,NA,NA,NA,NA,NA,NA,252193,178970,171898,174145,168712,164041,164066,161700,151900,146950,141200,134859,128400,126962,124000,123400,119800,116914,116226,115108,109234,108839,107951,110009,113040,110849,103604,102797,100455,97041,95219
"Thüringen","Rinder 2 Jahre und älter, Ammen- und Mutterkühe",NA,NA,NA,NA,NA,NA,NA,NA,NA,NA,NA,NA,NA,NA,NA,NA,NA,NA,NA,NA,NA,NA,NA,NA,NA,NA,NA,NA,NA,NA,NA,NA,NA,NA,NA,NA,NA,NA,NA,NA,7015,9383,12629,17873,24268,30002,30840,32900,37700,39246,39000,39378,36900,36519,35500,36300,36100,37238,NA,NA,NA,NA,NA,NA,NA,NA,NA,NA,NA,NA,NA
"Thüringen","Rinder 2 Jahre und älter, Schlacht- und Mastkühe",NA,NA,NA,NA,NA,NA,NA,NA,NA,NA,NA,NA,NA,NA,NA,NA,NA,NA,NA,NA,NA,NA,NA,NA,NA,NA,NA,NA,NA,NA,NA,NA,NA,NA,NA,NA,NA,NA,NA,NA,7915,5270,2653,2308,1591,1505,1953,2000,1600,1809,1000,1465,900,644,500,600,500,600,NA,NA,NA,NA,NA,NA,NA,NA,NA,NA,NA,NA,NA
"Thüringen","Rinder 2 Jahre und älter, andere Kühe",NA,NA,NA,NA,NA,NA,NA,NA,NA,NA,NA,NA,NA,NA,NA,NA,NA,NA,NA,NA,NA,NA,NA,NA,NA,NA,NA,NA,NA,NA,NA,NA,NA,NA,NA,NA,NA,NA,NA,NA,NA,NA,NA,NA,NA,NA,NA,NA,NA,NA,NA,NA,NA,NA,NA,NA,NA,NA,37878,37785,39389,38857,39066,38685,39226,38815,38216,38108,37775,37188,36875
